[
{
  "model": "sites.site",
  "fields": {
    "domain": "example.com",
    "name": "example.com"
  }
},
{
  "model": "contenttypes.contenttype",
  "fields": {
    "app_label": "auth",
    "model": "permission"
  }
},
{
  "model": "contenttypes.contenttype",
  "fields": {
    "app_label": "auth",
    "model": "group"
  }
},
{
  "model": "contenttypes.contenttype",
  "fields": {
    "app_label": "contenttypes",
    "model": "contenttype"
  }
},
{
  "model": "contenttypes.contenttype",
  "fields": {
    "app_label": "usuarios",
    "model": "usuario"
  }
},
{
  "model": "contenttypes.contenttype",
  "fields": {
    "app_label": "proyectos",
    "model": "proyecto"
  }
},
{
  "model": "contenttypes.contenttype",
  "fields": {
    "app_label": "proyectos",
    "model": "participante"
  }
},
{
  "model": "contenttypes.contenttype",
  "fields": {
    "app_label": "sprints",
    "model": "sprint_miembro_equipo"
  }
},
{
  "model": "contenttypes.contenttype",
  "fields": {
    "app_label": "sprints",
    "model": "sprint"
  }
},
{
  "model": "contenttypes.contenttype",
  "fields": {
    "app_label": "sprints",
    "model": "sprintbacklog"
  }
},
{
  "model": "contenttypes.contenttype",
  "fields": {
    "app_label": "historiasDeUsuario",
    "model": "columna_tipo_historia_usuario"
  }
},
{
  "model": "contenttypes.contenttype",
  "fields": {
    "app_label": "historiasDeUsuario",
    "model": "tipo_historia_usuario"
  }
},
{
  "model": "contenttypes.contenttype",
  "fields": {
    "app_label": "historiasDeUsuario_proyecto",
    "model": "historicalhistoriausuario"
  }
},
{
  "model": "contenttypes.contenttype",
  "fields": {
    "app_label": "historiasDeUsuario_proyecto",
    "model": "actividadesus"
  }
},
{
  "model": "contenttypes.contenttype",
  "fields": {
    "app_label": "historiasDeUsuario_proyecto",
    "model": "historiausuario"
  }
},
{
  "model": "contenttypes.contenttype",
  "fields": {
    "app_label": "historiasDeUsuario_proyecto",
    "model": "historicalhistoriausuario_actividades"
  }
},
{
  "model": "contenttypes.contenttype",
  "fields": {
    "app_label": "soportepermisos",
    "model": "soportepermisos"
  }
},
{
  "model": "contenttypes.contenttype",
  "fields": {
    "app_label": "roles",
    "model": "rol"
  }
},
{
  "model": "contenttypes.contenttype",
  "fields": {
    "app_label": "sites",
    "model": "site"
  }
},
{
  "model": "contenttypes.contenttype",
  "fields": {
    "app_label": "sessions",
    "model": "session"
  }
},
{
  "model": "contenttypes.contenttype",
  "fields": {
    "app_label": "account",
    "model": "emailaddress"
  }
},
{
  "model": "contenttypes.contenttype",
  "fields": {
    "app_label": "account",
    "model": "emailconfirmation"
  }
},
{
  "model": "contenttypes.contenttype",
  "fields": {
    "app_label": "socialaccount",
    "model": "socialaccount"
  }
},
{
  "model": "contenttypes.contenttype",
  "fields": {
    "app_label": "socialaccount",
    "model": "socialapp"
  }
},
{
  "model": "contenttypes.contenttype",
  "fields": {
    "app_label": "socialaccount",
    "model": "socialtoken"
  }
},
{
  "model": "contenttypes.contenttype",
  "fields": {
    "app_label": "admin",
    "model": "logentry"
  }
},
{
  "model": "contenttypes.contenttype",
  "fields": {
    "app_label": "guardian",
    "model": "groupobjectpermission"
  }
},
{
  "model": "contenttypes.contenttype",
  "fields": {
    "app_label": "guardian",
    "model": "userobjectpermission"
  }
},
{
  "model": "sprints.sprint",
  "pk": 1,
  "fields": {
    "nombre": "Etapa 1",
    "descripcion": "Primera etapa del proyecto de PasajeApp",
    "fecha_inicio": null,
    "fecha_fin": null,
    "cantidadDias": 14,
    "capacidadEquipo": 406,
    "estado": "Planificación",
    "proyecto": 1,
    "horas_pendientes_inicial": null,
    "horas_pendientes_final": null
  }
},
{
  "model": "sprints.sprint",
  "pk": 2,
  "fields": {
    "nombre": "Inicio del Proyecto",
    "descripcion": "Primera etapa del proyecto WebBanking",
    "fecha_inicio": null,
    "fecha_fin": null,
    "cantidadDias": 30,
    "capacidadEquipo": 870,
    "estado": "Creado",
    "proyecto": 2,
    "horas_pendientes_inicial": null,
    "horas_pendientes_final": null
  }
},
{
  "model": "sprints.sprint",
  "pk": 3,
  "fields": {
    "nombre": "Sprint 1",
    "descripcion": "Primer sprint del proyecto de tienda.",
    "fecha_inicio": "2022-11-04T02:29:19.452Z",
    "fecha_fin": "2022-11-04T02:40:37.838Z",
    "cantidadDias": 7,
    "capacidadEquipo": 91,
    "estado": "Finalizado",
    "proyecto": 3,
    "horas_pendientes_inicial": 102,
    "horas_pendientes_final": 42
  }
},
{
  "model": "sprints.sprint",
  "pk": 4,
  "fields": {
    "nombre": "octubre",
    "descripcion": "octubre",
    "fecha_inicio": null,
    "fecha_fin": null,
    "cantidadDias": 14,
    "capacidadEquipo": 70,
    "estado": "Cancelado",
    "proyecto": 3,
    "horas_pendientes_inicial": null,
    "horas_pendientes_final": null
  }
},
{
  "model": "sprints.sprint",
  "pk": 5,
  "fields": {
    "nombre": "noviembre",
    "descripcion": "noviembre",
    "fecha_inicio": "2022-11-04T04:29:47.526Z",
    "fecha_fin": "2022-11-04T04:56:23.607Z",
    "cantidadDias": 14,
    "capacidadEquipo": 42,
    "estado": "Finalizado",
    "proyecto": 3,
    "horas_pendientes_inicial": 12,
    "horas_pendientes_final": 0
  }
},
{
  "model": "sprints.sprintbacklog",
  "pk": 1,
  "fields": {
    "idSprint": 1,
    "historiaUsuario": [
      1,
      2,
      3,
      4,
      5,
      8
    ]
  }
},
{
  "model": "sprints.sprintbacklog",
  "pk": 2,
  "fields": {
    "idSprint": 2,
    "historiaUsuario": [
      16,
      17,
      12,
      14
    ]
  }
},
{
  "model": "sprints.sprintbacklog",
  "pk": 3,
  "fields": {
    "idSprint": 3,
    "historiaUsuario": [
      18,
      19,
      20,
      21,
      22,
      23,
      24
    ]
  }
},
{
  "model": "sprints.sprintbacklog",
  "pk": 4,
  "fields": {
    "idSprint": 5,
    "historiaUsuario": [
      19
    ]
  }
},
{
  "model": "historiasDeUsuario.tipo_historia_usuario",
  "pk": 1,
  "fields": {
    "nombre": "Infraestructura",
    "fechaCreacion": "2022-11-04T01:38:05.267Z",
    "proyecto": [
      1
    ]
  }
},
{
  "model": "historiasDeUsuario.tipo_historia_usuario",
  "pk": 2,
  "fields": {
    "nombre": "Backend",
    "fechaCreacion": "2022-11-04T01:38:06.966Z",
    "proyecto": [
      1
    ]
  }
},
{
  "model": "historiasDeUsuario.tipo_historia_usuario",
  "pk": 3,
  "fields": {
    "nombre": "Frontend",
    "fechaCreacion": "2022-11-04T01:38:08.605Z",
    "proyecto": [
      1
    ]
  }
},
{
  "model": "historiasDeUsuario.tipo_historia_usuario",
  "pk": 4,
  "fields": {
    "nombre": "Back end",
    "fechaCreacion": "2022-11-04T01:38:10.277Z",
    "proyecto": [
      2
    ]
  }
},
{
  "model": "historiasDeUsuario.tipo_historia_usuario",
  "pk": 5,
  "fields": {
    "nombre": "Soporte",
    "fechaCreacion": "2022-11-04T01:38:11.905Z",
    "proyecto": [
      2
    ]
  }
},
{
  "model": "historiasDeUsuario.tipo_historia_usuario",
  "pk": 6,
  "fields": {
    "nombre": "API",
    "fechaCreacion": "2022-11-04T01:38:13.581Z",
    "proyecto": [
      2
    ]
  }
},
{
  "model": "historiasDeUsuario.tipo_historia_usuario",
  "pk": 7,
  "fields": {
    "nombre": "Funcionalidad",
    "fechaCreacion": "2022-11-04T01:38:15.301Z",
    "proyecto": [
      3
    ]
  }
},
{
  "model": "historiasDeUsuario.tipo_historia_usuario",
  "pk": 8,
  "fields": {
    "nombre": "Marketing",
    "fechaCreacion": "2022-11-04T01:38:17.135Z",
    "proyecto": [
      3
    ]
  }
},
{
  "model": "historiasDeUsuario.columna_tipo_historia_usuario",
  "pk": 1,
  "fields": {
    "tipoHU": 1,
    "nombre": "En Espera",
    "orden": 1
  }
},
{
  "model": "historiasDeUsuario.columna_tipo_historia_usuario",
  "pk": 2,
  "fields": {
    "tipoHU": 1,
    "nombre": "Planificacion",
    "orden": 2
  }
},
{
  "model": "historiasDeUsuario.columna_tipo_historia_usuario",
  "pk": 3,
  "fields": {
    "tipoHU": 1,
    "nombre": "Desarrollo",
    "orden": 3
  }
},
{
  "model": "historiasDeUsuario.columna_tipo_historia_usuario",
  "pk": 4,
  "fields": {
    "tipoHU": 1,
    "nombre": "Testing",
    "orden": 4
  }
},
{
  "model": "historiasDeUsuario.columna_tipo_historia_usuario",
  "pk": 5,
  "fields": {
    "tipoHU": 1,
    "nombre": "Despliegue",
    "orden": 5
  }
},
{
  "model": "historiasDeUsuario.columna_tipo_historia_usuario",
  "pk": 6,
  "fields": {
    "tipoHU": 1,
    "nombre": "Finalizado",
    "orden": 6
  }
},
{
  "model": "historiasDeUsuario.columna_tipo_historia_usuario",
  "pk": 7,
  "fields": {
    "tipoHU": 2,
    "nombre": "En Espera",
    "orden": 1
  }
},
{
  "model": "historiasDeUsuario.columna_tipo_historia_usuario",
  "pk": 8,
  "fields": {
    "tipoHU": 2,
    "nombre": "Desarrollo",
    "orden": 2
  }
},
{
  "model": "historiasDeUsuario.columna_tipo_historia_usuario",
  "pk": 9,
  "fields": {
    "tipoHU": 2,
    "nombre": "Testing",
    "orden": 3
  }
},
{
  "model": "historiasDeUsuario.columna_tipo_historia_usuario",
  "pk": 10,
  "fields": {
    "tipoHU": 2,
    "nombre": "Despliegue",
    "orden": 4
  }
},
{
  "model": "historiasDeUsuario.columna_tipo_historia_usuario",
  "pk": 11,
  "fields": {
    "tipoHU": 2,
    "nombre": "Finalizado",
    "orden": 5
  }
},
{
  "model": "historiasDeUsuario.columna_tipo_historia_usuario",
  "pk": 12,
  "fields": {
    "tipoHU": 3,
    "nombre": "En Espera",
    "orden": 1
  }
},
{
  "model": "historiasDeUsuario.columna_tipo_historia_usuario",
  "pk": 13,
  "fields": {
    "tipoHU": 3,
    "nombre": "Desarrollo",
    "orden": 2
  }
},
{
  "model": "historiasDeUsuario.columna_tipo_historia_usuario",
  "pk": 14,
  "fields": {
    "tipoHU": 3,
    "nombre": "Testing",
    "orden": 3
  }
},
{
  "model": "historiasDeUsuario.columna_tipo_historia_usuario",
  "pk": 15,
  "fields": {
    "tipoHU": 3,
    "nombre": "Despliegue",
    "orden": 4
  }
},
{
  "model": "historiasDeUsuario.columna_tipo_historia_usuario",
  "pk": 16,
  "fields": {
    "tipoHU": 3,
    "nombre": "Finalizado",
    "orden": 5
  }
},
{
  "model": "historiasDeUsuario.columna_tipo_historia_usuario",
  "pk": 17,
  "fields": {
    "tipoHU": 4,
    "nombre": "Desarrollo",
    "orden": 1
  }
},
{
  "model": "historiasDeUsuario.columna_tipo_historia_usuario",
  "pk": 18,
  "fields": {
    "tipoHU": 4,
    "nombre": "Testing",
    "orden": 2
  }
},
{
  "model": "historiasDeUsuario.columna_tipo_historia_usuario",
  "pk": 19,
  "fields": {
    "tipoHU": 4,
    "nombre": "Despliegue",
    "orden": 3
  }
},
{
  "model": "historiasDeUsuario.columna_tipo_historia_usuario",
  "pk": 20,
  "fields": {
    "tipoHU": 5,
    "nombre": "En Espera",
    "orden": 1
  }
},
{
  "model": "historiasDeUsuario.columna_tipo_historia_usuario",
  "pk": 21,
  "fields": {
    "tipoHU": 5,
    "nombre": "Planificacion",
    "orden": 2
  }
},
{
  "model": "historiasDeUsuario.columna_tipo_historia_usuario",
  "pk": 22,
  "fields": {
    "tipoHU": 5,
    "nombre": "Desarrollo",
    "orden": 3
  }
},
{
  "model": "historiasDeUsuario.columna_tipo_historia_usuario",
  "pk": 23,
  "fields": {
    "tipoHU": 5,
    "nombre": "Finalizado",
    "orden": 4
  }
},
{
  "model": "historiasDeUsuario.columna_tipo_historia_usuario",
  "pk": 24,
  "fields": {
    "tipoHU": 6,
    "nombre": "Desarrollo",
    "orden": 1
  }
},
{
  "model": "historiasDeUsuario.columna_tipo_historia_usuario",
  "pk": 25,
  "fields": {
    "tipoHU": 6,
    "nombre": "Testing",
    "orden": 2
  }
},
{
  "model": "historiasDeUsuario.columna_tipo_historia_usuario",
  "pk": 26,
  "fields": {
    "tipoHU": 6,
    "nombre": "Despliegue",
    "orden": 3
  }
},
{
  "model": "historiasDeUsuario.columna_tipo_historia_usuario",
  "pk": 27,
  "fields": {
    "tipoHU": 6,
    "nombre": "Finalizado",
    "orden": 4
  }
},
{
  "model": "historiasDeUsuario.columna_tipo_historia_usuario",
  "pk": 28,
  "fields": {
    "tipoHU": 7,
    "nombre": "Planificacion",
    "orden": 1
  }
},
{
  "model": "historiasDeUsuario.columna_tipo_historia_usuario",
  "pk": 29,
  "fields": {
    "tipoHU": 7,
    "nombre": "Desarrollo",
    "orden": 2
  }
},
{
  "model": "historiasDeUsuario.columna_tipo_historia_usuario",
  "pk": 30,
  "fields": {
    "tipoHU": 7,
    "nombre": "Testing",
    "orden": 3
  }
},
{
  "model": "historiasDeUsuario.columna_tipo_historia_usuario",
  "pk": 31,
  "fields": {
    "tipoHU": 7,
    "nombre": "Despliegue",
    "orden": 4
  }
},
{
  "model": "historiasDeUsuario.columna_tipo_historia_usuario",
  "pk": 32,
  "fields": {
    "tipoHU": 7,
    "nombre": "Finalizado",
    "orden": 5
  }
},
{
  "model": "historiasDeUsuario.columna_tipo_historia_usuario",
  "pk": 33,
  "fields": {
    "tipoHU": 8,
    "nombre": "En Espera",
    "orden": 1
  }
},
{
  "model": "historiasDeUsuario.columna_tipo_historia_usuario",
  "pk": 34,
  "fields": {
    "tipoHU": 8,
    "nombre": "Planificacion",
    "orden": 2
  }
},
{
  "model": "historiasDeUsuario.columna_tipo_historia_usuario",
  "pk": 35,
  "fields": {
    "tipoHU": 8,
    "nombre": "Revision/Mejoras",
    "orden": 3
  }
},
{
  "model": "historiasDeUsuario.columna_tipo_historia_usuario",
  "pk": 36,
  "fields": {
    "tipoHU": 8,
    "nombre": "Revision de Costos",
    "orden": 4
  }
},
{
  "model": "historiasDeUsuario.columna_tipo_historia_usuario",
  "pk": 37,
  "fields": {
    "tipoHU": 8,
    "nombre": "Ejecucion",
    "orden": 5
  }
},
{
  "model": "historiasDeUsuario.columna_tipo_historia_usuario",
  "pk": 38,
  "fields": {
    "tipoHU": 8,
    "nombre": "Analisis de Resultados",
    "orden": 6
  }
},
{
  "model": "historiasDeUsuario.columna_tipo_historia_usuario",
  "pk": 39,
  "fields": {
    "tipoHU": 8,
    "nombre": "Finalizado",
    "orden": 7
  }
},
{
  "model": "historiasDeUsuario_proyecto.actividadesus",
  "pk": 1,
  "fields": {
    "titulo": "Actividad 1",
    "descripcion": "Actividad 1 para avanzar el primer tablero",
    "horasTrabajadas": 3,
    "participante": 15,
    "fecha": null,
    "estado": null
  }
},
{
  "model": "historiasDeUsuario_proyecto.actividadesus",
  "pk": 2,
  "fields": {
    "titulo": "Trabajo 1",
    "descripcion": "Descripcion del trabajo 1",
    "horasTrabajadas": 5,
    "participante": 15,
    "fecha": null,
    "estado": null
  }
},
{
  "model": "historiasDeUsuario_proyecto.actividadesus",
  "pk": 3,
  "fields": {
    "titulo": "Titulo 2",
    "descripcion": "Descripcion 2",
    "horasTrabajadas": 3,
    "participante": 15,
    "fecha": null,
    "estado": null
  }
},
{
  "model": "historiasDeUsuario_proyecto.actividadesus",
  "pk": 4,
  "fields": {
    "titulo": "Titulo 3",
    "descripcion": "Descripcion 3",
    "horasTrabajadas": 6,
    "participante": 15,
    "fecha": null,
    "estado": null
  }
},
{
  "model": "historiasDeUsuario_proyecto.actividadesus",
  "pk": 5,
  "fields": {
    "titulo": "Ultima tarea ",
    "descripcion": "Tarea final de esta US",
    "horasTrabajadas": 12,
    "participante": 15,
    "fecha": null,
    "estado": null
  }
},
{
  "model": "historiasDeUsuario_proyecto.actividadesus",
  "pk": 6,
  "fields": {
    "titulo": "Titulo 2",
    "descripcion": "Descripcion 2",
    "horasTrabajadas": 5,
    "participante": 15,
    "fecha": null,
    "estado": null
  }
},
{
  "model": "historiasDeUsuario_proyecto.actividadesus",
  "pk": 7,
  "fields": {
    "titulo": "Pasando a despliegue",
    "descripcion": "Tarea cumplida para pasar a despliegue",
    "horasTrabajadas": 10,
    "participante": 15,
    "fecha": null,
    "estado": null
  }
},
{
  "model": "historiasDeUsuario_proyecto.actividadesus",
  "pk": 8,
  "fields": {
    "titulo": "Ultima activiada",
    "descripcion": "Descripcion",
    "horasTrabajadas": 12,
    "participante": 15,
    "fecha": null,
    "estado": null
  }
},
{
  "model": "historiasDeUsuario_proyecto.actividadesus",
  "pk": 9,
  "fields": {
    "titulo": "Titulo 1",
    "descripcion": "Actividad 1",
    "horasTrabajadas": 3,
    "participante": 15,
    "fecha": null,
    "estado": null
  }
},
{
  "model": "historiasDeUsuario_proyecto.actividadesus",
  "pk": 10,
  "fields": {
    "titulo": "Actividad 1",
    "descripcion": "Descripcion 1",
    "horasTrabajadas": 3,
    "participante": 14,
    "fecha": null,
    "estado": null
  }
},
{
  "model": "historiasDeUsuario_proyecto.actividadesus",
  "pk": 11,
  "fields": {
    "titulo": "Volvemos a pasar de actividad",
    "descripcion": "Descripcion",
    "horasTrabajadas": 3,
    "participante": 14,
    "fecha": null,
    "estado": null
  }
},
{
  "model": "historiasDeUsuario_proyecto.actividadesus",
  "pk": 12,
  "fields": {
    "titulo": "Revision a mejoras",
    "descripcion": "Pasamos de revision a mejoras",
    "horasTrabajadas": 6,
    "participante": 14,
    "fecha": null,
    "estado": null
  }
},
{
  "model": "historiasDeUsuario_proyecto.actividadesus",
  "pk": 13,
  "fields": {
    "titulo": "Pasamos de columna",
    "descripcion": "Pasamos de mejoras a otra columna",
    "horasTrabajadas": 12,
    "participante": 14,
    "fecha": null,
    "estado": null
  }
},
{
  "model": "historiasDeUsuario_proyecto.actividadesus",
  "pk": 14,
  "fields": {
    "titulo": "De ejecucion a analisis de resultados",
    "descripcion": "Descripcion",
    "horasTrabajadas": 7,
    "participante": 14,
    "fecha": null,
    "estado": null
  }
},
{
  "model": "historiasDeUsuario_proyecto.actividadesus",
  "pk": 15,
  "fields": {
    "titulo": "Finalizamos la actividad",
    "descripcion": "Pasamos a la ultima actividad",
    "horasTrabajadas": 2,
    "participante": 14,
    "fecha": null,
    "estado": null
  }
},
{
  "model": "historiasDeUsuario_proyecto.actividadesus",
  "pk": 16,
  "fields": {
    "titulo": "Titulo 1",
    "descripcion": "Descripcion 1",
    "horasTrabajadas": 1,
    "participante": 14,
    "fecha": null,
    "estado": null
  }
},
{
  "model": "historiasDeUsuario_proyecto.actividadesus",
  "pk": 17,
  "fields": {
    "titulo": "Titulo 2",
    "descripcion": "Actividad 2",
    "horasTrabajadas": 1,
    "participante": 14,
    "fecha": null,
    "estado": null
  }
},
{
  "model": "historiasDeUsuario_proyecto.actividadesus",
  "pk": 18,
  "fields": {
    "titulo": "Titulo 3",
    "descripcion": "Actividad 3",
    "horasTrabajadas": 1,
    "participante": 14,
    "fecha": null,
    "estado": null
  }
},
{
  "model": "historiasDeUsuario_proyecto.actividadesus",
  "pk": 19,
  "fields": {
    "titulo": "Titulo 4",
    "descripcion": "Actividad 4",
    "horasTrabajadas": 1,
    "participante": 14,
    "fecha": null,
    "estado": null
  }
},
{
  "model": "historiasDeUsuario_proyecto.actividadesus",
  "pk": 20,
  "fields": {
    "titulo": "Titulo 5",
    "descripcion": "Actividad 5",
    "horasTrabajadas": 1,
    "participante": 14,
    "fecha": null,
    "estado": null
  }
},
{
  "model": "historiasDeUsuario_proyecto.actividadesus",
  "pk": 21,
  "fields": {
    "titulo": "Actividad 6",
    "descripcion": "Descripcion 6",
    "horasTrabajadas": 1,
    "participante": 14,
    "fecha": null,
    "estado": null
  }
},
{
  "model": "historiasDeUsuario_proyecto.actividadesus",
  "pk": 22,
  "fields": {
    "titulo": "act1",
    "descripcion": "act1",
    "horasTrabajadas": 3,
    "participante": 17,
    "fecha": null,
    "estado": null
  }
},
{
  "model": "historiasDeUsuario_proyecto.actividadesus",
  "pk": 23,
  "fields": {
    "titulo": "a4",
    "descripcion": "a4",
    "horasTrabajadas": 3,
    "participante": 17,
    "fecha": null,
    "estado": null
  }
},
{
  "model": "historiasDeUsuario_proyecto.actividadesus",
  "pk": 24,
  "fields": {
    "titulo": "a5",
    "descripcion": "a5",
    "horasTrabajadas": 5,
    "participante": 17,
    "fecha": null,
    "estado": null
  }
},
{
  "model": "historiasDeUsuario_proyecto.actividadesus",
  "pk": 25,
  "fields": {
    "titulo": "a6",
    "descripcion": "a6",
    "horasTrabajadas": 2,
    "participante": 17,
    "fecha": null,
    "estado": null
  }
},
{
  "model": "historiasDeUsuario_proyecto.actividadesus",
  "pk": 26,
  "fields": {
    "titulo": "a7",
    "descripcion": "a7",
    "horasTrabajadas": 6,
    "participante": 17,
    "fecha": null,
    "estado": null
  }
},
{
  "model": "historiasDeUsuario_proyecto.actividadesus",
  "pk": 27,
  "fields": {
    "titulo": "a3",
    "descripcion": "a3",
    "horasTrabajadas": 3,
    "participante": 17,
    "fecha": null,
    "estado": null
  }
},
{
  "model": "historiasDeUsuario_proyecto.actividadesus",
  "pk": 28,
  "fields": {
    "titulo": "a9",
    "descripcion": "a9",
    "horasTrabajadas": 7,
    "participante": 17,
    "fecha": null,
    "estado": null
  }
},
{
  "model": "historiasDeUsuario_proyecto.actividadesus",
  "pk": 29,
  "fields": {
    "titulo": "a0",
    "descripcion": "a0",
    "horasTrabajadas": 5,
    "participante": 17,
    "fecha": null,
    "estado": null
  }
},
{
  "model": "historiasDeUsuario_proyecto.historicalhistoriausuario_actividades",
  "pk": 1,
  "fields": {
    "id": 1,
    "history": 1,
    "historiausuario": 19,
    "actividadesus": 22
  }
},
{
  "model": "historiasDeUsuario_proyecto.historicalhistoriausuario_actividades",
  "pk": 2,
  "fields": {
    "id": 2,
    "history": 1,
    "historiausuario": 19,
    "actividadesus": 23
  }
},
{
  "model": "historiasDeUsuario_proyecto.historicalhistoriausuario_actividades",
  "pk": 3,
  "fields": {
    "id": 3,
    "history": 1,
    "historiausuario": 19,
    "actividadesus": 24
  }
},
{
  "model": "historiasDeUsuario_proyecto.historicalhistoriausuario_actividades",
  "pk": 4,
  "fields": {
    "id": 4,
    "history": 1,
    "historiausuario": 19,
    "actividadesus": 25
  }
},
{
  "model": "historiasDeUsuario_proyecto.historicalhistoriausuario_actividades",
  "pk": 5,
  "fields": {
    "id": 5,
    "history": 1,
    "historiausuario": 19,
    "actividadesus": 26
  }
},
{
  "model": "historiasDeUsuario_proyecto.historicalhistoriausuario_actividades",
  "pk": 6,
  "fields": {
    "id": 6,
    "history": 1,
    "historiausuario": 19,
    "actividadesus": 27
  }
},
{
  "model": "historiasDeUsuario_proyecto.historicalhistoriausuario_actividades",
  "pk": 7,
  "fields": {
    "id": 7,
    "history": 1,
    "historiausuario": 19,
    "actividadesus": 28
  }
},
{
  "model": "historiasDeUsuario_proyecto.historicalhistoriausuario_actividades",
  "pk": 8,
  "fields": {
    "id": 8,
    "history": 1,
    "historiausuario": 19,
    "actividadesus": 29
  }
},
{
  "model": "historiasDeUsuario_proyecto.historicalhistoriausuario_actividades",
  "pk": 9,
  "fields": {
    "id": 9,
    "history": 2,
    "historiausuario": 23,
    "actividadesus": 10
  }
},
{
  "model": "historiasDeUsuario_proyecto.historicalhistoriausuario_actividades",
  "pk": 10,
  "fields": {
    "id": 10,
    "history": 2,
    "historiausuario": 23,
    "actividadesus": 11
  }
},
{
  "model": "historiasDeUsuario_proyecto.historicalhistoriausuario_actividades",
  "pk": 11,
  "fields": {
    "id": 11,
    "history": 2,
    "historiausuario": 23,
    "actividadesus": 12
  }
},
{
  "model": "historiasDeUsuario_proyecto.historicalhistoriausuario_actividades",
  "pk": 12,
  "fields": {
    "id": 12,
    "history": 2,
    "historiausuario": 23,
    "actividadesus": 13
  }
},
{
  "model": "historiasDeUsuario_proyecto.historiausuario",
  "pk": 1,
  "fields": {
    "nombre": "Historia 1",
    "descripcion": "Descripcion 1",
    "prioridad_tecnica": 10,
    "prioridad_negocio": 10,
    "estimacion_horas": 45,
    "tipo_historia_usuario": 1,
    "desarrollador_asignado": null,
    "proyecto": 1,
    "horas_trabajadas": null,
    "prioridad_final": 10,
    "estado": null,
    "sprints_trabajados": null,
    "actividades": []
  }
},
{
  "model": "historiasDeUsuario_proyecto.historiausuario",
  "pk": 2,
  "fields": {
    "nombre": "Historia 2",
    "descripcion": "Descripcion 2",
    "prioridad_tecnica": 7,
    "prioridad_negocio": 9,
    "estimacion_horas": 15,
    "tipo_historia_usuario": 1,
    "desarrollador_asignado": null,
    "proyecto": 1,
    "horas_trabajadas": null,
    "prioridad_final": 8,
    "estado": null,
    "sprints_trabajados": null,
    "actividades": []
  }
},
{
  "model": "historiasDeUsuario_proyecto.historiausuario",
  "pk": 3,
  "fields": {
    "nombre": "Historia 3",
    "descripcion": "Descripcion 3",
    "prioridad_tecnica": 4,
    "prioridad_negocio": 5,
    "estimacion_horas": 10,
    "tipo_historia_usuario": 2,
    "desarrollador_asignado": null,
    "proyecto": 1,
    "horas_trabajadas": null,
    "prioridad_final": 5,
    "estado": null,
    "sprints_trabajados": null,
    "actividades": []
  }
},
{
  "model": "historiasDeUsuario_proyecto.historiausuario",
  "pk": 4,
  "fields": {
    "nombre": "Historia 4",
    "descripcion": "Descripcion 4",
    "prioridad_tecnica": 3,
    "prioridad_negocio": 7,
    "estimacion_horas": 23,
    "tipo_historia_usuario": 2,
    "desarrollador_asignado": null,
    "proyecto": 1,
    "horas_trabajadas": null,
    "prioridad_final": 5,
    "estado": null,
    "sprints_trabajados": null,
    "actividades": []
  }
},
{
  "model": "historiasDeUsuario_proyecto.historiausuario",
  "pk": 5,
  "fields": {
    "nombre": "Historia 5",
    "descripcion": "Descripcion 5",
    "prioridad_tecnica": 7,
    "prioridad_negocio": 9,
    "estimacion_horas": 10,
    "tipo_historia_usuario": 2,
    "desarrollador_asignado": null,
    "proyecto": 1,
    "horas_trabajadas": null,
    "prioridad_final": 8,
    "estado": null,
    "sprints_trabajados": null,
    "actividades": []
  }
},
{
  "model": "historiasDeUsuario_proyecto.historiausuario",
  "pk": 6,
  "fields": {
    "nombre": "Historia 6",
    "descripcion": "Descripcion 6",
    "prioridad_tecnica": 5,
    "prioridad_negocio": 4,
    "estimacion_horas": 8,
    "tipo_historia_usuario": 2,
    "desarrollador_asignado": null,
    "proyecto": 1,
    "horas_trabajadas": null,
    "prioridad_final": 4,
    "estado": null,
    "sprints_trabajados": null,
    "actividades": []
  }
},
{
  "model": "historiasDeUsuario_proyecto.historiausuario",
  "pk": 7,
  "fields": {
    "nombre": "Historia 7",
    "descripcion": "Descripcion 7",
    "prioridad_tecnica": 10,
    "prioridad_negocio": 10,
    "estimacion_horas": 17,
    "tipo_historia_usuario": 3,
    "desarrollador_asignado": null,
    "proyecto": 1,
    "horas_trabajadas": null,
    "prioridad_final": 10,
    "estado": null,
    "sprints_trabajados": null,
    "actividades": []
  }
},
{
  "model": "historiasDeUsuario_proyecto.historiausuario",
  "pk": 8,
  "fields": {
    "nombre": "Historia 8",
    "descripcion": "Descripcion 8",
    "prioridad_tecnica": 3,
    "prioridad_negocio": 1,
    "estimacion_horas": 3,
    "tipo_historia_usuario": 1,
    "desarrollador_asignado": null,
    "proyecto": 1,
    "horas_trabajadas": null,
    "prioridad_final": 2,
    "estado": null,
    "sprints_trabajados": null,
    "actividades": []
  }
},
{
  "model": "historiasDeUsuario_proyecto.historiausuario",
  "pk": 9,
  "fields": {
    "nombre": "Historia 9",
    "descripcion": "Descripcion 9",
    "prioridad_tecnica": 7,
    "prioridad_negocio": 8,
    "estimacion_horas": 14,
    "tipo_historia_usuario": 3,
    "desarrollador_asignado": null,
    "proyecto": 1,
    "horas_trabajadas": null,
    "prioridad_final": 8,
    "estado": null,
    "sprints_trabajados": null,
    "actividades": []
  }
},
{
  "model": "historiasDeUsuario_proyecto.historiausuario",
  "pk": 10,
  "fields": {
    "nombre": "Historia 10",
    "descripcion": "Descripcion 10",
    "prioridad_tecnica": 2,
    "prioridad_negocio": 10,
    "estimacion_horas": 15,
    "tipo_historia_usuario": 3,
    "desarrollador_asignado": null,
    "proyecto": 1,
    "horas_trabajadas": null,
    "prioridad_final": 7,
    "estado": null,
    "sprints_trabajados": null,
    "actividades": []
  }
},
{
  "model": "historiasDeUsuario_proyecto.historiausuario",
  "pk": 11,
  "fields": {
    "nombre": "Historia 11",
    "descripcion": "Descripcion 11",
    "prioridad_tecnica": 3,
    "prioridad_negocio": 3,
    "estimacion_horas": 5,
    "tipo_historia_usuario": 5,
    "desarrollador_asignado": null,
    "proyecto": 2,
    "horas_trabajadas": null,
    "prioridad_final": 3,
    "estado": null,
    "sprints_trabajados": null,
    "actividades": []
  }
},
{
  "model": "historiasDeUsuario_proyecto.historiausuario",
  "pk": 12,
  "fields": {
    "nombre": "Historia 12",
    "descripcion": "Descripcion 12",
    "prioridad_tecnica": 10,
    "prioridad_negocio": 4,
    "estimacion_horas": 3,
    "tipo_historia_usuario": 5,
    "desarrollador_asignado": null,
    "proyecto": 2,
    "horas_trabajadas": null,
    "prioridad_final": 6,
    "estado": null,
    "sprints_trabajados": null,
    "actividades": []
  }
},
{
  "model": "historiasDeUsuario_proyecto.historiausuario",
  "pk": 13,
  "fields": {
    "nombre": "Historia 13",
    "descripcion": "Descripcion 13",
    "prioridad_tecnica": 5,
    "prioridad_negocio": 2,
    "estimacion_horas": 2,
    "tipo_historia_usuario": 5,
    "desarrollador_asignado": null,
    "proyecto": 2,
    "horas_trabajadas": null,
    "prioridad_final": 3,
    "estado": null,
    "sprints_trabajados": null,
    "actividades": []
  }
},
{
  "model": "historiasDeUsuario_proyecto.historiausuario",
  "pk": 14,
  "fields": {
    "nombre": "Historia 14",
    "descripcion": "Descripcion 14",
    "prioridad_tecnica": 10,
    "prioridad_negocio": 2,
    "estimacion_horas": 20,
    "tipo_historia_usuario": 6,
    "desarrollador_asignado": null,
    "proyecto": 2,
    "horas_trabajadas": null,
    "prioridad_final": 5,
    "estado": null,
    "sprints_trabajados": null,
    "actividades": []
  }
},
{
  "model": "historiasDeUsuario_proyecto.historiausuario",
  "pk": 15,
  "fields": {
    "nombre": "Historia 15",
    "descripcion": "Descripcion 15",
    "prioridad_tecnica": 10,
    "prioridad_negocio": 2,
    "estimacion_horas": 3,
    "tipo_historia_usuario": 6,
    "desarrollador_asignado": null,
    "proyecto": 2,
    "horas_trabajadas": null,
    "prioridad_final": 5,
    "estado": null,
    "sprints_trabajados": null,
    "actividades": []
  }
},
{
  "model": "historiasDeUsuario_proyecto.historiausuario",
  "pk": 16,
  "fields": {
    "nombre": "Historia 16",
    "descripcion": "Descripcion 16",
    "prioridad_tecnica": 6,
    "prioridad_negocio": 7,
    "estimacion_horas": 30,
    "tipo_historia_usuario": 4,
    "desarrollador_asignado": null,
    "proyecto": 2,
    "horas_trabajadas": null,
    "prioridad_final": 7,
    "estado": null,
    "sprints_trabajados": null,
    "actividades": []
  }
},
{
  "model": "historiasDeUsuario_proyecto.historiausuario",
  "pk": 17,
  "fields": {
    "nombre": "Historia 17",
    "descripcion": "Descripcion 17",
    "prioridad_tecnica": 4,
    "prioridad_negocio": 10,
    "estimacion_horas": 10,
    "tipo_historia_usuario": 3,
    "desarrollador_asignado": null,
    "proyecto": 2,
    "horas_trabajadas": null,
    "prioridad_final": 8,
    "estado": null,
    "sprints_trabajados": null,
    "actividades": []
  }
},
{
  "model": "historiasDeUsuario_proyecto.historiausuario",
  "pk": 18,
  "fields": {
    "nombre": "Historia 18",
    "descripcion": "Descripcion 18",
    "prioridad_tecnica": 4,
    "prioridad_negocio": 10,
    "estimacion_horas": 15,
    "tipo_historia_usuario": 8,
    "desarrollador_asignado": 16,
    "proyecto": 3,
    "horas_trabajadas": null,
    "prioridad_final": 11,
    "estado": "cancelada",
    "sprints_trabajados": 1,
    "actividades": []
  }
},
{
  "model": "historiasDeUsuario_proyecto.historiausuario",
  "pk": 19,
  "fields": {
    "nombre": "Historia 19",
    "descripcion": "Descripcion 19",
    "prioridad_tecnica": 3,
    "prioridad_negocio": 10,
    "estimacion_horas": 15,
    "tipo_historia_usuario": 8,
    "desarrollador_asignado": 17,
    "proyecto": 3,
    "horas_trabajadas": 37,
    "prioridad_final": 10,
    "estado": "aceptada",
    "sprints_trabajados": 1,
    "actividades": [
      22,
      23,
      24,
      25,
      26,
      27,
      28,
      29
    ]
  }
},
{
  "model": "historiasDeUsuario_proyecto.historiausuario",
  "pk": 20,
  "fields": {
    "nombre": "Historia 20",
    "descripcion": "Descripcion 20",
    "prioridad_tecnica": 4,
    "prioridad_negocio": 10,
    "estimacion_horas": 15,
    "tipo_historia_usuario": 7,
    "desarrollador_asignado": 14,
    "proyecto": 3,
    "horas_trabajadas": null,
    "prioridad_final": 11,
    "estado": "cancelada",
    "sprints_trabajados": 1,
    "actividades": []
  }
},
{
  "model": "historiasDeUsuario_proyecto.historiausuario",
  "pk": 21,
  "fields": {
    "nombre": "Historia 21",
    "descripcion": "Descripcion 21",
    "prioridad_tecnica": 3,
    "prioridad_negocio": 10,
    "estimacion_horas": 15,
    "tipo_historia_usuario": 8,
    "desarrollador_asignado": 14,
    "proyecto": 3,
    "horas_trabajadas": 6,
    "prioridad_final": 7,
    "estado": "aceptada",
    "sprints_trabajados": null,
    "actividades": []
  }
},
{
  "model": "historiasDeUsuario_proyecto.historiausuario",
  "pk": 22,
  "fields": {
    "nombre": "Historia 22",
    "descripcion": "Descripcion 22",
    "prioridad_tecnica": 3,
    "prioridad_negocio": 10,
    "estimacion_horas": 15,
    "tipo_historia_usuario": 7,
    "desarrollador_asignado": 15,
    "proyecto": 3,
    "horas_trabajadas": 32,
    "prioridad_final": 7,
    "estado": "aceptada",
    "sprints_trabajados": null,
    "actividades": []
  }
},
{
  "model": "historiasDeUsuario_proyecto.historiausuario",
  "pk": 23,
  "fields": {
    "nombre": "Historia 23",
    "descripcion": "Descripcion 23",
    "prioridad_tecnica": 3,
    "prioridad_negocio": 10,
    "estimacion_horas": 15,
    "tipo_historia_usuario": 8,
    "desarrollador_asignado": 14,
    "proyecto": 3,
    "horas_trabajadas": 24,
    "prioridad_final": 7,
    "estado": "36",
    "sprints_trabajados": null,
    "actividades": [
      10,
      11,
      12,
      13
    ]
  }
},
{
  "model": "historiasDeUsuario_proyecto.historiausuario",
  "pk": 24,
  "fields": {
    "nombre": "Historia Nueva",
    "descripcion": "Descripcion Nueva",
    "prioridad_tecnica": 10,
    "prioridad_negocio": 10,
    "estimacion_horas": 12,
    "tipo_historia_usuario": 7,
    "desarrollador_asignado": 15,
    "proyecto": 3,
    "horas_trabajadas": 24,
    "prioridad_final": 10,
    "estado": "aceptada",
    "sprints_trabajados": null,
    "actividades": []
  }
},
{
  "model": "auth.permission",
  "fields": {
    "name": "Can add permission",
    "content_type": [
      "auth",
      "permission"
    ],
    "codename": "add_permission"
  }
},
{
  "model": "auth.permission",
  "fields": {
    "name": "Can change permission",
    "content_type": [
      "auth",
      "permission"
    ],
    "codename": "change_permission"
  }
},
{
  "model": "auth.permission",
  "fields": {
    "name": "Can delete permission",
    "content_type": [
      "auth",
      "permission"
    ],
    "codename": "delete_permission"
  }
},
{
  "model": "auth.permission",
  "fields": {
    "name": "Can view permission",
    "content_type": [
      "auth",
      "permission"
    ],
    "codename": "view_permission"
  }
},
{
  "model": "auth.permission",
  "fields": {
    "name": "Can add group",
    "content_type": [
      "auth",
      "group"
    ],
    "codename": "add_group"
  }
},
{
  "model": "auth.permission",
  "fields": {
    "name": "Can change group",
    "content_type": [
      "auth",
      "group"
    ],
    "codename": "change_group"
  }
},
{
  "model": "auth.permission",
  "fields": {
    "name": "Can delete group",
    "content_type": [
      "auth",
      "group"
    ],
    "codename": "delete_group"
  }
},
{
  "model": "auth.permission",
  "fields": {
    "name": "Can view group",
    "content_type": [
      "auth",
      "group"
    ],
    "codename": "view_group"
  }
},
{
  "model": "auth.permission",
  "fields": {
    "name": "Can add content type",
    "content_type": [
      "contenttypes",
      "contenttype"
    ],
    "codename": "add_contenttype"
  }
},
{
  "model": "auth.permission",
  "fields": {
    "name": "Can change content type",
    "content_type": [
      "contenttypes",
      "contenttype"
    ],
    "codename": "change_contenttype"
  }
},
{
  "model": "auth.permission",
  "fields": {
    "name": "Can delete content type",
    "content_type": [
      "contenttypes",
      "contenttype"
    ],
    "codename": "delete_contenttype"
  }
},
{
  "model": "auth.permission",
  "fields": {
    "name": "Can view content type",
    "content_type": [
      "contenttypes",
      "contenttype"
    ],
    "codename": "view_contenttype"
  }
},
{
  "model": "auth.permission",
  "fields": {
    "name": "Can add usuario",
    "content_type": [
      "usuarios",
      "usuario"
    ],
    "codename": "add_usuario"
  }
},
{
  "model": "auth.permission",
  "fields": {
    "name": "Can change usuario",
    "content_type": [
      "usuarios",
      "usuario"
    ],
    "codename": "change_usuario"
  }
},
{
  "model": "auth.permission",
  "fields": {
    "name": "Can delete usuario",
    "content_type": [
      "usuarios",
      "usuario"
    ],
    "codename": "delete_usuario"
  }
},
{
  "model": "auth.permission",
  "fields": {
    "name": "Can view usuario",
    "content_type": [
      "usuarios",
      "usuario"
    ],
    "codename": "view_usuario"
  }
},
{
  "model": "auth.permission",
  "fields": {
    "name": "Permiso para el administrador de editar roles externos",
    "content_type": [
      "usuarios",
      "usuario"
    ],
    "codename": "modificar_roles_externos_de_usuario"
  }
},
{
  "model": "auth.permission",
  "fields": {
    "name": "Can add proyecto",
    "content_type": [
      "proyectos",
      "proyecto"
    ],
    "codename": "add_proyecto"
  }
},
{
  "model": "auth.permission",
  "fields": {
    "name": "Can change proyecto",
    "content_type": [
      "proyectos",
      "proyecto"
    ],
    "codename": "change_proyecto"
  }
},
{
  "model": "auth.permission",
  "fields": {
    "name": "Can delete proyecto",
    "content_type": [
      "proyectos",
      "proyecto"
    ],
    "codename": "delete_proyecto"
  }
},
{
  "model": "auth.permission",
  "fields": {
    "name": "Can view proyecto",
    "content_type": [
      "proyectos",
      "proyecto"
    ],
    "codename": "view_proyecto"
  }
},
{
  "model": "auth.permission",
  "fields": {
    "name": "Crear un nuevo proyecto",
    "content_type": [
      "proyectos",
      "proyecto"
    ],
    "codename": "crear_proyecto"
  }
},
{
  "model": "auth.permission",
  "fields": {
    "name": "Eliminar un proyecto",
    "content_type": [
      "proyectos",
      "proyecto"
    ],
    "codename": "eliminar_proyecto"
  }
},
{
  "model": "auth.permission",
  "fields": {
    "name": "Actualizar los parametros iniciales de un proyecto",
    "content_type": [
      "proyectos",
      "proyecto"
    ],
    "codename": "actualizar_proyecto"
  }
},
{
  "model": "auth.permission",
  "fields": {
    "name": "Archivar un proyecto",
    "content_type": [
      "proyectos",
      "proyecto"
    ],
    "codename": "archivar_proyecto"
  }
},
{
  "model": "auth.permission",
  "fields": {
    "name": "Modificar el estado de un proyecto",
    "content_type": [
      "proyectos",
      "proyecto"
    ],
    "codename": "cambiar_estado_proyecto"
  }
},
{
  "model": "auth.permission",
  "fields": {
    "name": "Listar uno o varios proyectos",
    "content_type": [
      "proyectos",
      "proyecto"
    ],
    "codename": "listar_proyectos"
  }
},
{
  "model": "auth.permission",
  "fields": {
    "name": "Marcar un proyecto como iniciado",
    "content_type": [
      "proyectos",
      "proyecto"
    ],
    "codename": "iniciar_proyecto"
  }
},
{
  "model": "auth.permission",
  "fields": {
    "name": "Crear un nuevo tipo de Historia de Usuario",
    "content_type": [
      "proyectos",
      "proyecto"
    ],
    "codename": "crear_tipo_HU"
  }
},
{
  "model": "auth.permission",
  "fields": {
    "name": "Borrar un tipo de HU",
    "content_type": [
      "proyectos",
      "proyecto"
    ],
    "codename": "borrar_tipo_HU"
  }
},
{
  "model": "auth.permission",
  "fields": {
    "name": "Importar un tipo de HU",
    "content_type": [
      "proyectos",
      "proyecto"
    ],
    "codename": "importar_tipo_HU"
  }
},
{
  "model": "auth.permission",
  "fields": {
    "name": "Importar roles internos de otro proyecto",
    "content_type": [
      "proyectos",
      "proyecto"
    ],
    "codename": "importar_roles_internos"
  }
},
{
  "model": "auth.permission",
  "fields": {
    "name": "Agregar un usuario a un proyecto",
    "content_type": [
      "proyectos",
      "proyecto"
    ],
    "codename": "agregar_participante"
  }
},
{
  "model": "auth.permission",
  "fields": {
    "name": "Modificar un participante",
    "content_type": [
      "proyectos",
      "proyecto"
    ],
    "codename": "modificar_participante"
  }
},
{
  "model": "auth.permission",
  "fields": {
    "name": "Borrar participante",
    "content_type": [
      "proyectos",
      "proyecto"
    ],
    "codename": "borrar_participante"
  }
},
{
  "model": "auth.permission",
  "fields": {
    "name": "Lista un participante individual",
    "content_type": [
      "proyectos",
      "proyecto"
    ],
    "codename": "listar_participante"
  }
},
{
  "model": "auth.permission",
  "fields": {
    "name": "Listar todos los roles internos del sistema",
    "content_type": [
      "proyectos",
      "proyecto"
    ],
    "codename": "listar_roles_internos"
  }
},
{
  "model": "auth.permission",
  "fields": {
    "name": "Crear un nuevo rol interno",
    "content_type": [
      "proyectos",
      "proyecto"
    ],
    "codename": "crear_rol_interno"
  }
},
{
  "model": "auth.permission",
  "fields": {
    "name": "Actualizar un rol interno",
    "content_type": [
      "proyectos",
      "proyecto"
    ],
    "codename": "actualizar_rol_interno"
  }
},
{
  "model": "auth.permission",
  "fields": {
    "name": "Borrar un rol interno de proyecto",
    "content_type": [
      "proyectos",
      "proyecto"
    ],
    "codename": "borrar_rol_interno"
  }
},
{
  "model": "auth.permission",
  "fields": {
    "name": "Añadir, eliminar o modificar columnas de un tipo de HU",
    "content_type": [
      "proyectos",
      "proyecto"
    ],
    "codename": "modificar_columnas_tipo_HU"
  }
},
{
  "model": "auth.permission",
  "fields": {
    "name": "Actualizar un tipo de Historia de Usuario",
    "content_type": [
      "proyectos",
      "proyecto"
    ],
    "codename": "actualizar_tipo_HU"
  }
},
{
  "model": "auth.permission",
  "fields": {
    "name": "Listar las historias de usuario de un proyecto",
    "content_type": [
      "proyectos",
      "proyecto"
    ],
    "codename": "listar_historias_usuario"
  }
},
{
  "model": "auth.permission",
  "fields": {
    "name": "Obtener una historia de usuario de un proyecto",
    "content_type": [
      "proyectos",
      "proyecto"
    ],
    "codename": "obtener_historia_usuario"
  }
},
{
  "model": "auth.permission",
  "fields": {
    "name": "Crear y agregar una historia de usuario a un proyecto",
    "content_type": [
      "proyectos",
      "proyecto"
    ],
    "codename": "crear_historia_usuario"
  }
},
{
  "model": "auth.permission",
  "fields": {
    "name": "Actualizar una historia de usuario de un proyecto",
    "content_type": [
      "proyectos",
      "proyecto"
    ],
    "codename": "actualizar_historia_usuario"
  }
},
{
  "model": "auth.permission",
  "fields": {
    "name": "Borrar una historia de usuario de un proyecto",
    "content_type": [
      "proyectos",
      "proyecto"
    ],
    "codename": "borrar_historia_usuario"
  }
},
{
  "model": "auth.permission",
  "fields": {
    "name": "Listar los sprints de un proyecto",
    "content_type": [
      "proyectos",
      "proyecto"
    ],
    "codename": "listar_sprint_proyecto"
  }
},
{
  "model": "auth.permission",
  "fields": {
    "name": "Crear y agregar un sprint a un proyecto",
    "content_type": [
      "proyectos",
      "proyecto"
    ],
    "codename": "crear_sprint"
  }
},
{
  "model": "auth.permission",
  "fields": {
    "name": "Obtiene un sprint de un proyecto",
    "content_type": [
      "proyectos",
      "proyecto"
    ],
    "codename": "obtener_sprint"
  }
},
{
  "model": "auth.permission",
  "fields": {
    "name": "Borrar un sprint de un proyecto",
    "content_type": [
      "proyectos",
      "proyecto"
    ],
    "codename": "borrar_sprint"
  }
},
{
  "model": "auth.permission",
  "fields": {
    "name": "Ver miembros del equipo de un Sprint",
    "content_type": [
      "proyectos",
      "proyecto"
    ],
    "codename": "ver_equipo_sprint"
  }
},
{
  "model": "auth.permission",
  "fields": {
    "name": "Agregar un miembro al equipo del Sprint",
    "content_type": [
      "proyectos",
      "proyecto"
    ],
    "codename": "agregar_miembro_sprint"
  }
},
{
  "model": "auth.permission",
  "fields": {
    "name": "Modifica los datos de un miembro del Sprint",
    "content_type": [
      "proyectos",
      "proyecto"
    ],
    "codename": "modificar_miembro_sprint"
  }
},
{
  "model": "auth.permission",
  "fields": {
    "name": "Borra a un miembro del equipo del Sprint",
    "content_type": [
      "proyectos",
      "proyecto"
    ],
    "codename": "borrar_miembro_sprint"
  }
},
{
  "model": "auth.permission",
  "fields": {
    "name": "Actualizar/modificar los parametros de un sprint",
    "content_type": [
      "proyectos",
      "proyecto"
    ],
    "codename": "actualizar_sprint"
  }
},
{
  "model": "auth.permission",
  "fields": {
    "name": "Borrar una historia de usuario del sprint backlog",
    "content_type": [
      "proyectos",
      "proyecto"
    ],
    "codename": "borrar_historia_sprintbacklog"
  }
},
{
  "model": "auth.permission",
  "fields": {
    "name": "Agregar una historia de usuario al sprint backlog",
    "content_type": [
      "proyectos",
      "proyecto"
    ],
    "codename": "agregar_historia_sprintbacklog"
  }
},
{
  "model": "auth.permission",
  "fields": {
    "name": "Restaurar una historia de usuario a una version anterior",
    "content_type": [
      "proyectos",
      "proyecto"
    ],
    "codename": "restaurar_historia_usuario"
  }
},
{
  "model": "auth.permission",
  "fields": {
    "name": "Obtener una actividad de US",
    "content_type": [
      "proyectos",
      "proyecto"
    ],
    "codename": "obtener_actividad_historia_usuario"
  }
},
{
  "model": "auth.permission",
  "fields": {
    "name": "Listar actividades de US",
    "content_type": [
      "proyectos",
      "proyecto"
    ],
    "codename": "listar_actividad_historia_usuario"
  }
},
{
  "model": "auth.permission",
  "fields": {
    "name": "Eliminar actividad de un US",
    "content_type": [
      "proyectos",
      "proyecto"
    ],
    "codename": "eliminar_actividad_historia_usuario"
  }
},
{
  "model": "auth.permission",
  "fields": {
    "name": "Crear actividad de un US",
    "content_type": [
      "proyectos",
      "proyecto"
    ],
    "codename": "crear_actividad_historia_usuario"
  }
},
{
  "model": "auth.permission",
  "fields": {
    "name": "Genera la gráfica del Burndown Chart",
    "content_type": [
      "proyectos",
      "proyecto"
    ],
    "codename": "generar_burndown_chart"
  }
},
{
  "model": "auth.permission",
  "fields": {
    "name": "Obtener el historial de la historia de usuario",
    "content_type": [
      "proyectos",
      "proyecto"
    ],
    "codename": "obtener_historial_historia"
  }
},
{
  "model": "auth.permission",
  "fields": {
    "name": "Finalizar un proyecto",
    "content_type": [
      "proyectos",
      "proyecto"
    ],
    "codename": "finalizar_proyecto"
  }
},
{
  "model": "auth.permission",
  "fields": {
    "name": "Reasignar historias de usuario a otro desarrollador",
    "content_type": [
      "proyectos",
      "proyecto"
    ],
    "codename": "reasignar_historias"
  }
},
{
  "model": "auth.permission",
  "fields": {
    "name": "Can add participante",
    "content_type": [
      "proyectos",
      "participante"
    ],
    "codename": "add_participante"
  }
},
{
  "model": "auth.permission",
  "fields": {
    "name": "Can change participante",
    "content_type": [
      "proyectos",
      "participante"
    ],
    "codename": "change_participante"
  }
},
{
  "model": "auth.permission",
  "fields": {
    "name": "Can delete participante",
    "content_type": [
      "proyectos",
      "participante"
    ],
    "codename": "delete_participante"
  }
},
{
  "model": "auth.permission",
  "fields": {
    "name": "Can view participante",
    "content_type": [
      "proyectos",
      "participante"
    ],
    "codename": "view_participante"
  }
},
{
  "model": "auth.permission",
  "fields": {
    "name": "Can add sprint_ miembro_ equipo",
    "content_type": [
      "sprints",
      "sprint_miembro_equipo"
    ],
    "codename": "add_sprint_miembro_equipo"
  }
},
{
  "model": "auth.permission",
  "fields": {
    "name": "Can change sprint_ miembro_ equipo",
    "content_type": [
      "sprints",
      "sprint_miembro_equipo"
    ],
    "codename": "change_sprint_miembro_equipo"
  }
},
{
  "model": "auth.permission",
  "fields": {
    "name": "Can delete sprint_ miembro_ equipo",
    "content_type": [
      "sprints",
      "sprint_miembro_equipo"
    ],
    "codename": "delete_sprint_miembro_equipo"
  }
},
{
  "model": "auth.permission",
  "fields": {
    "name": "Can view sprint_ miembro_ equipo",
    "content_type": [
      "sprints",
      "sprint_miembro_equipo"
    ],
    "codename": "view_sprint_miembro_equipo"
  }
},
{
  "model": "auth.permission",
  "fields": {
    "name": "Can add sprint",
    "content_type": [
      "sprints",
      "sprint"
    ],
    "codename": "add_sprint"
  }
},
{
  "model": "auth.permission",
  "fields": {
    "name": "Can change sprint",
    "content_type": [
      "sprints",
      "sprint"
    ],
    "codename": "change_sprint"
  }
},
{
  "model": "auth.permission",
  "fields": {
    "name": "Can delete sprint",
    "content_type": [
      "sprints",
      "sprint"
    ],
    "codename": "delete_sprint"
  }
},
{
  "model": "auth.permission",
  "fields": {
    "name": "Can view sprint",
    "content_type": [
      "sprints",
      "sprint"
    ],
    "codename": "view_sprint"
  }
},
{
  "model": "auth.permission",
  "fields": {
    "name": "Can add sprint backlog",
    "content_type": [
      "sprints",
      "sprintbacklog"
    ],
    "codename": "add_sprintbacklog"
  }
},
{
  "model": "auth.permission",
  "fields": {
    "name": "Can change sprint backlog",
    "content_type": [
      "sprints",
      "sprintbacklog"
    ],
    "codename": "change_sprintbacklog"
  }
},
{
  "model": "auth.permission",
  "fields": {
    "name": "Can delete sprint backlog",
    "content_type": [
      "sprints",
      "sprintbacklog"
    ],
    "codename": "delete_sprintbacklog"
  }
},
{
  "model": "auth.permission",
  "fields": {
    "name": "Can view sprint backlog",
    "content_type": [
      "sprints",
      "sprintbacklog"
    ],
    "codename": "view_sprintbacklog"
  }
},
{
  "model": "auth.permission",
  "fields": {
    "name": "Can add columna_ tipo_ historia_ usuario",
    "content_type": [
      "historiasDeUsuario",
      "columna_tipo_historia_usuario"
    ],
    "codename": "add_columna_tipo_historia_usuario"
  }
},
{
  "model": "auth.permission",
  "fields": {
    "name": "Can change columna_ tipo_ historia_ usuario",
    "content_type": [
      "historiasDeUsuario",
      "columna_tipo_historia_usuario"
    ],
    "codename": "change_columna_tipo_historia_usuario"
  }
},
{
  "model": "auth.permission",
  "fields": {
    "name": "Can delete columna_ tipo_ historia_ usuario",
    "content_type": [
      "historiasDeUsuario",
      "columna_tipo_historia_usuario"
    ],
    "codename": "delete_columna_tipo_historia_usuario"
  }
},
{
  "model": "auth.permission",
  "fields": {
    "name": "Can view columna_ tipo_ historia_ usuario",
    "content_type": [
      "historiasDeUsuario",
      "columna_tipo_historia_usuario"
    ],
    "codename": "view_columna_tipo_historia_usuario"
  }
},
{
  "model": "auth.permission",
  "fields": {
    "name": "Can add tipo_ historia_ usuario",
    "content_type": [
      "historiasDeUsuario",
      "tipo_historia_usuario"
    ],
    "codename": "add_tipo_historia_usuario"
  }
},
{
  "model": "auth.permission",
  "fields": {
    "name": "Can change tipo_ historia_ usuario",
    "content_type": [
      "historiasDeUsuario",
      "tipo_historia_usuario"
    ],
    "codename": "change_tipo_historia_usuario"
  }
},
{
  "model": "auth.permission",
  "fields": {
    "name": "Can delete tipo_ historia_ usuario",
    "content_type": [
      "historiasDeUsuario",
      "tipo_historia_usuario"
    ],
    "codename": "delete_tipo_historia_usuario"
  }
},
{
  "model": "auth.permission",
  "fields": {
    "name": "Can view tipo_ historia_ usuario",
    "content_type": [
      "historiasDeUsuario",
      "tipo_historia_usuario"
    ],
    "codename": "view_tipo_historia_usuario"
  }
},
{
  "model": "auth.permission",
  "fields": {
    "name": "Can add historical historia usuario",
    "content_type": [
      "historiasDeUsuario_proyecto",
      "historicalhistoriausuario"
    ],
    "codename": "add_historicalhistoriausuario"
  }
},
{
  "model": "auth.permission",
  "fields": {
    "name": "Can change historical historia usuario",
    "content_type": [
      "historiasDeUsuario_proyecto",
      "historicalhistoriausuario"
    ],
    "codename": "change_historicalhistoriausuario"
  }
},
{
  "model": "auth.permission",
  "fields": {
    "name": "Can delete historical historia usuario",
    "content_type": [
      "historiasDeUsuario_proyecto",
      "historicalhistoriausuario"
    ],
    "codename": "delete_historicalhistoriausuario"
  }
},
{
  "model": "auth.permission",
  "fields": {
    "name": "Can view historical historia usuario",
    "content_type": [
      "historiasDeUsuario_proyecto",
      "historicalhistoriausuario"
    ],
    "codename": "view_historicalhistoriausuario"
  }
},
{
  "model": "auth.permission",
  "fields": {
    "name": "Can add actividades us",
    "content_type": [
      "historiasDeUsuario_proyecto",
      "actividadesus"
    ],
    "codename": "add_actividadesus"
  }
},
{
  "model": "auth.permission",
  "fields": {
    "name": "Can change actividades us",
    "content_type": [
      "historiasDeUsuario_proyecto",
      "actividadesus"
    ],
    "codename": "change_actividadesus"
  }
},
{
  "model": "auth.permission",
  "fields": {
    "name": "Can delete actividades us",
    "content_type": [
      "historiasDeUsuario_proyecto",
      "actividadesus"
    ],
    "codename": "delete_actividadesus"
  }
},
{
  "model": "auth.permission",
  "fields": {
    "name": "Can view actividades us",
    "content_type": [
      "historiasDeUsuario_proyecto",
      "actividadesus"
    ],
    "codename": "view_actividadesus"
  }
},
{
  "model": "auth.permission",
  "fields": {
    "name": "Can add historia usuario",
    "content_type": [
      "historiasDeUsuario_proyecto",
      "historiausuario"
    ],
    "codename": "add_historiausuario"
  }
},
{
  "model": "auth.permission",
  "fields": {
    "name": "Can change historia usuario",
    "content_type": [
      "historiasDeUsuario_proyecto",
      "historiausuario"
    ],
    "codename": "change_historiausuario"
  }
},
{
  "model": "auth.permission",
  "fields": {
    "name": "Can delete historia usuario",
    "content_type": [
      "historiasDeUsuario_proyecto",
      "historiausuario"
    ],
    "codename": "delete_historiausuario"
  }
},
{
  "model": "auth.permission",
  "fields": {
    "name": "Can view historia usuario",
    "content_type": [
      "historiasDeUsuario_proyecto",
      "historiausuario"
    ],
    "codename": "view_historiausuario"
  }
},
{
  "model": "auth.permission",
  "fields": {
    "name": "Can add HistoricalhistoriaUsuario_actividades",
    "content_type": [
      "historiasDeUsuario_proyecto",
      "historicalhistoriausuario_actividades"
    ],
    "codename": "add_historicalhistoriausuario_actividades"
  }
},
{
  "model": "auth.permission",
  "fields": {
    "name": "Can change HistoricalhistoriaUsuario_actividades",
    "content_type": [
      "historiasDeUsuario_proyecto",
      "historicalhistoriausuario_actividades"
    ],
    "codename": "change_historicalhistoriausuario_actividades"
  }
},
{
  "model": "auth.permission",
  "fields": {
    "name": "Can delete HistoricalhistoriaUsuario_actividades",
    "content_type": [
      "historiasDeUsuario_proyecto",
      "historicalhistoriausuario_actividades"
    ],
    "codename": "delete_historicalhistoriausuario_actividades"
  }
},
{
  "model": "auth.permission",
  "fields": {
    "name": "Can view HistoricalhistoriaUsuario_actividades",
    "content_type": [
      "historiasDeUsuario_proyecto",
      "historicalhistoriausuario_actividades"
    ],
    "codename": "view_historicalhistoriausuario_actividades"
  }
},
{
  "model": "auth.permission",
  "fields": {
    "name": "Listar/ver permisos del sistema",
    "content_type": [
      "soportepermisos",
      "soportepermisos"
    ],
    "codename": "listar_permisos"
  }
},
{
  "model": "auth.permission",
  "fields": {
    "name": "Listar todos los roles externos del sistema",
    "content_type": [
      "roles",
      "rol"
    ],
    "codename": "listar_roles_externos"
  }
},
{
  "model": "auth.permission",
  "fields": {
    "name": "Crear nuevo rol externo",
    "content_type": [
      "roles",
      "rol"
    ],
    "codename": "crear_rol_externo"
  }
},
{
  "model": "auth.permission",
  "fields": {
    "name": "Actualizar un rol externo",
    "content_type": [
      "roles",
      "rol"
    ],
    "codename": "actualizar_rol_externo"
  }
},
{
  "model": "auth.permission",
  "fields": {
    "name": "Borrar un rol externo del sistema",
    "content_type": [
      "roles",
      "rol"
    ],
    "codename": "borrar_rol_externo"
  }
},
{
  "model": "auth.permission",
  "fields": {
    "name": "Para listar los permisos de un rol externo",
    "content_type": [
      "roles",
      "rol"
    ],
    "codename": "listar_permisos_externos"
  }
},
{
  "model": "auth.permission",
  "fields": {
    "name": "Can add site",
    "content_type": [
      "sites",
      "site"
    ],
    "codename": "add_site"
  }
},
{
  "model": "auth.permission",
  "fields": {
    "name": "Can change site",
    "content_type": [
      "sites",
      "site"
    ],
    "codename": "change_site"
  }
},
{
  "model": "auth.permission",
  "fields": {
    "name": "Can delete site",
    "content_type": [
      "sites",
      "site"
    ],
    "codename": "delete_site"
  }
},
{
  "model": "auth.permission",
  "fields": {
    "name": "Can view site",
    "content_type": [
      "sites",
      "site"
    ],
    "codename": "view_site"
  }
},
{
  "model": "auth.permission",
  "fields": {
    "name": "Can add session",
    "content_type": [
      "sessions",
      "session"
    ],
    "codename": "add_session"
  }
},
{
  "model": "auth.permission",
  "fields": {
    "name": "Can change session",
    "content_type": [
      "sessions",
      "session"
    ],
    "codename": "change_session"
  }
},
{
  "model": "auth.permission",
  "fields": {
    "name": "Can delete session",
    "content_type": [
      "sessions",
      "session"
    ],
    "codename": "delete_session"
  }
},
{
  "model": "auth.permission",
  "fields": {
    "name": "Can view session",
    "content_type": [
      "sessions",
      "session"
    ],
    "codename": "view_session"
  }
},
{
  "model": "auth.permission",
  "fields": {
    "name": "Can add email address",
    "content_type": [
      "account",
      "emailaddress"
    ],
    "codename": "add_emailaddress"
  }
},
{
  "model": "auth.permission",
  "fields": {
    "name": "Can change email address",
    "content_type": [
      "account",
      "emailaddress"
    ],
    "codename": "change_emailaddress"
  }
},
{
  "model": "auth.permission",
  "fields": {
    "name": "Can delete email address",
    "content_type": [
      "account",
      "emailaddress"
    ],
    "codename": "delete_emailaddress"
  }
},
{
  "model": "auth.permission",
  "fields": {
    "name": "Can view email address",
    "content_type": [
      "account",
      "emailaddress"
    ],
    "codename": "view_emailaddress"
  }
},
{
  "model": "auth.permission",
  "fields": {
    "name": "Can add email confirmation",
    "content_type": [
      "account",
      "emailconfirmation"
    ],
    "codename": "add_emailconfirmation"
  }
},
{
  "model": "auth.permission",
  "fields": {
    "name": "Can change email confirmation",
    "content_type": [
      "account",
      "emailconfirmation"
    ],
    "codename": "change_emailconfirmation"
  }
},
{
  "model": "auth.permission",
  "fields": {
    "name": "Can delete email confirmation",
    "content_type": [
      "account",
      "emailconfirmation"
    ],
    "codename": "delete_emailconfirmation"
  }
},
{
  "model": "auth.permission",
  "fields": {
    "name": "Can view email confirmation",
    "content_type": [
      "account",
      "emailconfirmation"
    ],
    "codename": "view_emailconfirmation"
  }
},
{
  "model": "auth.permission",
  "fields": {
    "name": "Can add social account",
    "content_type": [
      "socialaccount",
      "socialaccount"
    ],
    "codename": "add_socialaccount"
  }
},
{
  "model": "auth.permission",
  "fields": {
    "name": "Can change social account",
    "content_type": [
      "socialaccount",
      "socialaccount"
    ],
    "codename": "change_socialaccount"
  }
},
{
  "model": "auth.permission",
  "fields": {
    "name": "Can delete social account",
    "content_type": [
      "socialaccount",
      "socialaccount"
    ],
    "codename": "delete_socialaccount"
  }
},
{
  "model": "auth.permission",
  "fields": {
    "name": "Can view social account",
    "content_type": [
      "socialaccount",
      "socialaccount"
    ],
    "codename": "view_socialaccount"
  }
},
{
  "model": "auth.permission",
  "fields": {
    "name": "Can add social application",
    "content_type": [
      "socialaccount",
      "socialapp"
    ],
    "codename": "add_socialapp"
  }
},
{
  "model": "auth.permission",
  "fields": {
    "name": "Can change social application",
    "content_type": [
      "socialaccount",
      "socialapp"
    ],
    "codename": "change_socialapp"
  }
},
{
  "model": "auth.permission",
  "fields": {
    "name": "Can delete social application",
    "content_type": [
      "socialaccount",
      "socialapp"
    ],
    "codename": "delete_socialapp"
  }
},
{
  "model": "auth.permission",
  "fields": {
    "name": "Can view social application",
    "content_type": [
      "socialaccount",
      "socialapp"
    ],
    "codename": "view_socialapp"
  }
},
{
  "model": "auth.permission",
  "fields": {
    "name": "Can add social application token",
    "content_type": [
      "socialaccount",
      "socialtoken"
    ],
    "codename": "add_socialtoken"
  }
},
{
  "model": "auth.permission",
  "fields": {
    "name": "Can change social application token",
    "content_type": [
      "socialaccount",
      "socialtoken"
    ],
    "codename": "change_socialtoken"
  }
},
{
  "model": "auth.permission",
  "fields": {
    "name": "Can delete social application token",
    "content_type": [
      "socialaccount",
      "socialtoken"
    ],
    "codename": "delete_socialtoken"
  }
},
{
  "model": "auth.permission",
  "fields": {
    "name": "Can view social application token",
    "content_type": [
      "socialaccount",
      "socialtoken"
    ],
    "codename": "view_socialtoken"
  }
},
{
  "model": "auth.permission",
  "fields": {
    "name": "Can add log entry",
    "content_type": [
      "admin",
      "logentry"
    ],
    "codename": "add_logentry"
  }
},
{
  "model": "auth.permission",
  "fields": {
    "name": "Can change log entry",
    "content_type": [
      "admin",
      "logentry"
    ],
    "codename": "change_logentry"
  }
},
{
  "model": "auth.permission",
  "fields": {
    "name": "Can delete log entry",
    "content_type": [
      "admin",
      "logentry"
    ],
    "codename": "delete_logentry"
  }
},
{
  "model": "auth.permission",
  "fields": {
    "name": "Can view log entry",
    "content_type": [
      "admin",
      "logentry"
    ],
    "codename": "view_logentry"
  }
},
{
  "model": "auth.permission",
  "fields": {
    "name": "Can add group object permission",
    "content_type": [
      "guardian",
      "groupobjectpermission"
    ],
    "codename": "add_groupobjectpermission"
  }
},
{
  "model": "auth.permission",
  "fields": {
    "name": "Can change group object permission",
    "content_type": [
      "guardian",
      "groupobjectpermission"
    ],
    "codename": "change_groupobjectpermission"
  }
},
{
  "model": "auth.permission",
  "fields": {
    "name": "Can delete group object permission",
    "content_type": [
      "guardian",
      "groupobjectpermission"
    ],
    "codename": "delete_groupobjectpermission"
  }
},
{
  "model": "auth.permission",
  "fields": {
    "name": "Can view group object permission",
    "content_type": [
      "guardian",
      "groupobjectpermission"
    ],
    "codename": "view_groupobjectpermission"
  }
},
{
  "model": "auth.permission",
  "fields": {
    "name": "Can add user object permission",
    "content_type": [
      "guardian",
      "userobjectpermission"
    ],
    "codename": "add_userobjectpermission"
  }
},
{
  "model": "auth.permission",
  "fields": {
    "name": "Can change user object permission",
    "content_type": [
      "guardian",
      "userobjectpermission"
    ],
    "codename": "change_userobjectpermission"
  }
},
{
  "model": "auth.permission",
  "fields": {
    "name": "Can delete user object permission",
    "content_type": [
      "guardian",
      "userobjectpermission"
    ],
    "codename": "delete_userobjectpermission"
  }
},
{
  "model": "auth.permission",
  "fields": {
    "name": "Can view user object permission",
    "content_type": [
      "guardian",
      "userobjectpermission"
    ],
    "codename": "view_userobjectpermission"
  }
},
{
  "model": "auth.group",
  "fields": {
    "name": "1",
    "permissions": [
      [
        "crear_proyecto",
        "proyectos",
        "proyecto"
      ],
      [
        "listar_proyectos",
        "proyectos",
        "proyecto"
      ],
      [
        "actualizar_rol_externo",
        "roles",
        "rol"
      ],
      [
        "borrar_rol_externo",
        "roles",
        "rol"
      ],
      [
        "crear_rol_externo",
        "roles",
        "rol"
      ],
      [
        "listar_permisos_externos",
        "roles",
        "rol"
      ],
      [
        "listar_roles_externos",
        "roles",
        "rol"
      ],
      [
        "listar_permisos",
        "soportepermisos",
        "soportepermisos"
      ],
      [
        "modificar_roles_externos_de_usuario",
        "usuarios",
        "usuario"
      ]
    ]
  }
},
{
  "model": "auth.group",
  "fields": {
    "name": "2_1",
    "permissions": []
  }
},
{
  "model": "auth.group",
  "fields": {
    "name": "3_2",
    "permissions": []
  }
},
{
  "model": "auth.group",
  "fields": {
    "name": "4_3",
    "permissions": []
  }
},
{
  "model": "auth.group",
  "fields": {
    "name": "5_1",
    "permissions": []
  }
},
{
  "model": "auth.group",
  "fields": {
    "name": "6_2",
    "permissions": []
  }
},
{
  "model": "auth.group",
  "fields": {
    "name": "7_3",
    "permissions": []
  }
},
{
  "model": "auth.group",
  "fields": {
    "name": "8_1",
    "permissions": []
  }
},
{
  "model": "usuarios.usuario",
  "fields": {
    "password": "!L2f3ztOWX0RIvbxzqjmceuT1QRqBRZ9YAb39KVNZ",
    "last_login": null,
    "is_superuser": false,
    "email": "AnonymousUser",
    "username": null,
    "nombres": "",
    "apellidos": "",
    "is_staff": false,
    "is_active": true,
    "date_joined": "2022-11-04T01:36:30.237Z",
    "groups": [],
    "user_permissions": []
  }
},
{
  "model": "usuarios.usuario",
  "fields": {
    "password": "pbkdf2_sha256$390000$hQCDCsIW9Vd4Y3wCNL4off$ViIgekQHy2LNzx/oe28lXpvbjlHnq3+9BWhlvG9Gc/Y=",
    "last_login": null,
    "is_superuser": false,
    "email": "arturojara1999@fpuna.edu.py",
    "username": "Arturo",
    "nombres": "Arturo",
    "apellidos": "Jara",
    "is_staff": false,
    "is_active": true,
    "date_joined": "2022-11-04T01:36:32.314Z",
    "groups": [
      [
        "5_1"
      ],
      [
        "6_2"
      ],
      [
        "7_3"
      ]
    ],
    "user_permissions": []
  }
},
{
  "model": "usuarios.usuario",
  "fields": {
    "password": "pbkdf2_sha256$390000$8hquDROGjfXEI0cUiNu2Dc$MpFYYSN4AUdjr+BHy3LswNGFV3jF14jYi1zXbPmlRoY=",
    "last_login": null,
    "is_superuser": false,
    "email": "alejandroadorno00@fpuna.edu.py",
    "username": "Ale",
    "nombres": "Alejandro",
    "apellidos": "Adorno Quevedo",
    "is_staff": false,
    "is_active": true,
    "date_joined": "2022-11-04T01:36:35.285Z",
    "groups": [
      [
        "5_1"
      ],
      [
        "6_2"
      ],
      [
        "7_3"
      ]
    ],
    "user_permissions": []
  }
},
{
  "model": "usuarios.usuario",
  "fields": {
    "password": "pbkdf2_sha256$390000$CLKJaesZe74QJ4MFlQnRJ8$RPeSQGurdTIGamN5qliytjFWp0K4Q003+QIMOlv/Ypk=",
    "last_login": null,
    "is_superuser": true,
    "email": "jessicala182@gmail.com",
    "username": "Jessi",
    "nombres": "Jessica",
    "apellidos": "Alarcon",
    "is_staff": false,
    "is_active": true,
    "date_joined": "2022-11-04T01:36:37.503Z",
    "groups": [
      [
        "1"
      ],
      [
        "2_1"
      ],
      [
        "3_2"
      ],
      [
        "4_3"
      ],
      [
        "5_1"
      ],
      [
        "6_2"
      ],
      [
        "7_3"
      ]
    ],
    "user_permissions": []
  }
},
{
  "model": "usuarios.usuario",
  "fields": {
    "password": "pbkdf2_sha256$390000$AfPb7d4k4RKTmZkvPD2omI$vM7rBAQ2nb2p7ZiJ951QrU6l3u4XIEgGO8iXS6Hisu8=",
    "last_login": null,
    "is_superuser": false,
    "email": "guillepaivag@gmail.com",
    "username": "Guille",
    "nombres": "Guillermo",
    "apellidos": "Paiva",
    "is_staff": false,
    "is_active": true,
    "date_joined": "2022-11-04T01:36:39.504Z",
    "groups": [
      [
        "5_1"
      ],
      [
        "6_2"
      ],
      [
        "7_3"
      ]
    ],
    "user_permissions": []
  }
},
{
  "model": "usuarios.usuario",
  "fields": {
    "password": "pbkdf2_sha256$390000$fyWp4PZ4hroAX3gpx1iWOf$zxQbFo066cB9uxMpMW7lE/jZ5ii2OgMB5DFu/O3+iOY=",
    "last_login": null,
    "is_superuser": false,
    "email": "arturojeich@gmail.com",
    "username": "Arturo",
    "nombres": "Arturo",
    "apellidos": "Jara",
    "is_staff": false,
    "is_active": true,
    "date_joined": "2022-11-04T01:36:41.471Z",
    "groups": [
      [
        "5_1"
      ],
      [
        "6_2"
      ],
      [
        "7_3"
      ]
    ],
    "user_permissions": []
  }
},
{
  "model": "usuarios.usuario",
  "fields": {
    "password": "pbkdf2_sha256$390000$eAW3YZSfTY6rfjv7OkHQBb$xI43Sb7YmO/bQzHk7g/3Mq5vj5yAMYH3Pc/3qykWv1E=",
    "last_login": null,
    "is_superuser": false,
    "email": "arturojara1999@gmail.com",
    "username": "Arturo",
    "nombres": "Arturo Gabriel",
    "apellidos": "Jara Eichenbrenner",
    "is_staff": false,
    "is_active": true,
    "date_joined": "2022-11-04T01:36:43.471Z",
    "groups": [
      [
        "1"
      ],
      [
        "2_1"
      ],
      [
        "3_2"
      ],
      [
        "4_3"
      ]
    ],
    "user_permissions": []
  }
},
{
  "model": "usuarios.usuario",
  "fields": {
    "password": "!xRnGPondoevpaUMo7TYg3aiY2dxrxqqF7DWUF42b",
    "last_login": null,
    "is_superuser": false,
    "email": "jessiprogram182@gmail.com",
    "username": "jessiprogram182",
    "nombres": "Jessica",
    "apellidos": "Alarcon",
    "is_staff": false,
    "is_active": true,
    "date_joined": "2022-11-04T04:23:34.149Z",
    "groups": [],
    "user_permissions": []
  }
},
{
  "model": "usuarios.usuario",
  "fields": {
    "password": "!9Lke02LVMGsOh2raQmz9uk1CNpfQI7lVVDeGxAR0",
    "last_login": null,
    "is_superuser": true,
    "email": "romi.escobar1615@fpuna.edu.py",
    "username": "Evelyn (Admin)",
    "nombres": "Evelyn Romina",
    "apellidos": "Escobar Gonzalez",
    "is_staff": false,
    "is_active": true,
    "date_joined": "2023-04-27T16:24:55.912Z",
    "groups": [
      [
        "1"
      ]
    ],
    "user_permissions": []
  }
},
{
  "model": "usuarios.usuario",
  "fields": {
    "password": "!7ywEQcoJzFqnavAbdQQ8Scb876tFLlVDZ3QMRu4B",
    "last_login": null,
    "is_superuser": true,
    "email": "am.ilcar@fpuna.edu.py",
    "username": "Denis (Admin)",
    "nombres": "Denis Amilcar",
    "apellidos": "Gimenez Alvarez",
    "is_staff": false,
    "is_active": true,
    "date_joined": "2023-04-27T16:26:39.078Z",
    "groups": [
      [
        "1"
      ]
    ],
    "user_permissions": []
  }
},
{
  "model": "usuarios.usuario",
  "fields": {
    "password": "!FaSWfz3U71AIsLRwRQoPOaDtYlCAyB6HNqrxDNum",
    "last_login": null,
    "is_superuser": true,
    "email": "maubriel.py@fpuna.edu.py",
    "username": "Mauricio (Admin)",
    "nombres": "Mauricio Gabriel",
    "apellidos": "González Marín",
    "is_staff": false,
    "is_active": true,
    "date_joined": "2023-04-27T16:35:55.229Z",
    "groups": [
      [
        "1"
      ]
    ],
    "user_permissions": []
  }
},
{
  "model": "usuarios.usuario",
  "fields": {
    "password": "!9lsfpAVfqaxGliMhm234SMoBjm0ldqu0IckwGKR0",
    "last_login": null,
    "is_superuser": true,
    "email": "fuxesosa@fpuna.edu.py",
    "username": "Matías (Admin)",
    "nombres": "Matías",
    "apellidos": "Sosa",
    "is_staff": false,
    "is_active": true,
    "date_joined": "2023-04-27T16:38:06.183Z",
    "groups": [
      [
        "1"
      ]
    ],
    "user_permissions": []
  }
},
{
  "model": "roles.rol",
  "pk": 1,
  "fields": {
    "nombre": "Administracion",
    "tipo": "Externo",
    "descripcion": "Rol de administracion del sistema",
    "rolGrupo": [
      "1"
    ],
    "proyecto": null
  }
},
{
  "model": "roles.rol",
  "pk": 2,
  "fields": {
    "nombre": "ScrumMaster",
    "tipo": "Interno",
    "descripcion": "Scrum Master del Proyecto 1.",
    "rolGrupo": [
      "2_1"
    ],
    "proyecto": 1
  }
},
{
  "model": "roles.rol",
  "pk": 3,
  "fields": {
    "nombre": "ScrumMaster",
    "tipo": "Interno",
    "descripcion": "Scrum Master del Proyecto 2.",
    "rolGrupo": [
      "3_2"
    ],
    "proyecto": 2
  }
},
{
  "model": "roles.rol",
  "pk": 4,
  "fields": {
    "nombre": "ScrumMaster",
    "tipo": "Interno",
    "descripcion": "Scrum Master del Proyecto 3.",
    "rolGrupo": [
      "4_3"
    ],
    "proyecto": 3
  }
},
{
  "model": "roles.rol",
  "pk": 5,
  "fields": {
    "nombre": "Desarrollador",
    "tipo": "Interno",
    "descripcion": "Developer de un Proyecto. Tiene los permisos de desarrollo.",
    "rolGrupo": [
      "5_1"
    ],
    "proyecto": 1
  }
},
{
  "model": "roles.rol",
  "pk": 6,
  "fields": {
    "nombre": "Developer",
    "tipo": "Interno",
    "descripcion": "Developer de un Proyecto. Tiene los permisos de desarrollo.",
    "rolGrupo": [
      "6_2"
    ],
    "proyecto": 2
  }
},
{
  "model": "roles.rol",
  "pk": 7,
  "fields": {
    "nombre": "Dev",
    "tipo": "Interno",
    "descripcion": "Dev de un Proyecto. Tiene los permisos de desarrollo.",
    "rolGrupo": [
      "7_3"
    ],
    "proyecto": 3
  }
},
{
  "model": "roles.rol",
  "pk": 8,
  "fields": {
    "nombre": "Administrador de Roles",
    "tipo": "Interno",
    "descripcion": "Permite agregar un rol al proyecto actual. Se considera sirve de ayuda para el scrum master.",
    "rolGrupo": [
      "8_1"
    ],
    "proyecto": 1
  }
},
{
  "model": "sprints.sprint_miembro_equipo",
  "pk": 1,
  "fields": {
    "usuario": [
      "arturojara1999@fpuna.edu.py"
    ],
    "sprint": 1,
    "capacidad": 4
  }
},
{
  "model": "sprints.sprint_miembro_equipo",
  "pk": 2,
  "fields": {
    "usuario": [
      "arturojeich@gmail.com"
    ],
    "sprint": 1,
    "capacidad": 5
  }
},
{
  "model": "sprints.sprint_miembro_equipo",
  "pk": 3,
  "fields": {
    "usuario": [
      "guillepaivag@gmail.com"
    ],
    "sprint": 1,
    "capacidad": 7
  }
},
{
  "model": "sprints.sprint_miembro_equipo",
  "pk": 4,
  "fields": {
    "usuario": [
      "jessicala182@gmail.com"
    ],
    "sprint": 1,
    "capacidad": 7
  }
},
{
  "model": "sprints.sprint_miembro_equipo",
  "pk": 5,
  "fields": {
    "usuario": [
      "alejandroadorno00@fpuna.edu.py"
    ],
    "sprint": 1,
    "capacidad": 6
  }
},
{
  "model": "sprints.sprint_miembro_equipo",
  "pk": 6,
  "fields": {
    "usuario": [
      "arturojara1999@fpuna.edu.py"
    ],
    "sprint": 2,
    "capacidad": 4
  }
},
{
  "model": "sprints.sprint_miembro_equipo",
  "pk": 7,
  "fields": {
    "usuario": [
      "arturojeich@gmail.com"
    ],
    "sprint": 2,
    "capacidad": 5
  }
},
{
  "model": "sprints.sprint_miembro_equipo",
  "pk": 8,
  "fields": {
    "usuario": [
      "guillepaivag@gmail.com"
    ],
    "sprint": 2,
    "capacidad": 7
  }
},
{
  "model": "sprints.sprint_miembro_equipo",
  "pk": 9,
  "fields": {
    "usuario": [
      "jessicala182@gmail.com"
    ],
    "sprint": 2,
    "capacidad": 7
  }
},
{
  "model": "sprints.sprint_miembro_equipo",
  "pk": 10,
  "fields": {
    "usuario": [
      "alejandroadorno00@fpuna.edu.py"
    ],
    "sprint": 2,
    "capacidad": 6
  }
},
{
  "model": "sprints.sprint_miembro_equipo",
  "pk": 11,
  "fields": {
    "usuario": [
      "arturojara1999@fpuna.edu.py"
    ],
    "sprint": 3,
    "capacidad": 2
  }
},
{
  "model": "sprints.sprint_miembro_equipo",
  "pk": 12,
  "fields": {
    "usuario": [
      "arturojeich@gmail.com"
    ],
    "sprint": 3,
    "capacidad": 2
  }
},
{
  "model": "sprints.sprint_miembro_equipo",
  "pk": 13,
  "fields": {
    "usuario": [
      "guillepaivag@gmail.com"
    ],
    "sprint": 3,
    "capacidad": 3
  }
},
{
  "model": "sprints.sprint_miembro_equipo",
  "pk": 14,
  "fields": {
    "usuario": [
      "jessicala182@gmail.com"
    ],
    "sprint": 3,
    "capacidad": 3
  }
},
{
  "model": "sprints.sprint_miembro_equipo",
  "pk": 15,
  "fields": {
    "usuario": [
      "alejandroadorno00@fpuna.edu.py"
    ],
    "sprint": 3,
    "capacidad": 3
  }
},
{
  "model": "sprints.sprint_miembro_equipo",
  "pk": 16,
  "fields": {
    "usuario": [
      "jessicala182@gmail.com"
    ],
    "sprint": 4,
    "capacidad": 5
  }
},
{
  "model": "sprints.sprint_miembro_equipo",
  "pk": 17,
  "fields": {
    "usuario": [
      "jessicala182@gmail.com"
    ],
    "sprint": 5,
    "capacidad": 3
  }
},
{
  "model": "guardian.groupobjectpermission",
  "pk": 1,
  "fields": {
    "permission": [
      "crear_rol_interno",
      "proyectos",
      "proyecto"
    ],
    "content_type": [
      "proyectos",
      "proyecto"
    ],
    "object_pk": "1",
    "group": [
      "2_1"
    ]
  }
},
{
  "model": "guardian.groupobjectpermission",
  "pk": 2,
  "fields": {
    "permission": [
      "crear_proyecto",
      "proyectos",
      "proyecto"
    ],
    "content_type": [
      "proyectos",
      "proyecto"
    ],
    "object_pk": "1",
    "group": [
      "2_1"
    ]
  }
},
{
  "model": "guardian.groupobjectpermission",
  "pk": 3,
  "fields": {
    "permission": [
      "eliminar_proyecto",
      "proyectos",
      "proyecto"
    ],
    "content_type": [
      "proyectos",
      "proyecto"
    ],
    "object_pk": "1",
    "group": [
      "2_1"
    ]
  }
},
{
  "model": "guardian.groupobjectpermission",
  "pk": 4,
  "fields": {
    "permission": [
      "actualizar_proyecto",
      "proyectos",
      "proyecto"
    ],
    "content_type": [
      "proyectos",
      "proyecto"
    ],
    "object_pk": "1",
    "group": [
      "2_1"
    ]
  }
},
{
  "model": "guardian.groupobjectpermission",
  "pk": 5,
  "fields": {
    "permission": [
      "archivar_proyecto",
      "proyectos",
      "proyecto"
    ],
    "content_type": [
      "proyectos",
      "proyecto"
    ],
    "object_pk": "1",
    "group": [
      "2_1"
    ]
  }
},
{
  "model": "guardian.groupobjectpermission",
  "pk": 6,
  "fields": {
    "permission": [
      "cambiar_estado_proyecto",
      "proyectos",
      "proyecto"
    ],
    "content_type": [
      "proyectos",
      "proyecto"
    ],
    "object_pk": "1",
    "group": [
      "2_1"
    ]
  }
},
{
  "model": "guardian.groupobjectpermission",
  "pk": 7,
  "fields": {
    "permission": [
      "listar_proyectos",
      "proyectos",
      "proyecto"
    ],
    "content_type": [
      "proyectos",
      "proyecto"
    ],
    "object_pk": "1",
    "group": [
      "2_1"
    ]
  }
},
{
  "model": "guardian.groupobjectpermission",
  "pk": 8,
  "fields": {
    "permission": [
      "iniciar_proyecto",
      "proyectos",
      "proyecto"
    ],
    "content_type": [
      "proyectos",
      "proyecto"
    ],
    "object_pk": "1",
    "group": [
      "2_1"
    ]
  }
},
{
  "model": "guardian.groupobjectpermission",
  "pk": 9,
  "fields": {
    "permission": [
      "crear_tipo_HU",
      "proyectos",
      "proyecto"
    ],
    "content_type": [
      "proyectos",
      "proyecto"
    ],
    "object_pk": "1",
    "group": [
      "2_1"
    ]
  }
},
{
  "model": "guardian.groupobjectpermission",
  "pk": 10,
  "fields": {
    "permission": [
      "borrar_tipo_HU",
      "proyectos",
      "proyecto"
    ],
    "content_type": [
      "proyectos",
      "proyecto"
    ],
    "object_pk": "1",
    "group": [
      "2_1"
    ]
  }
},
{
  "model": "guardian.groupobjectpermission",
  "pk": 11,
  "fields": {
    "permission": [
      "actualizar_tipo_HU",
      "proyectos",
      "proyecto"
    ],
    "content_type": [
      "proyectos",
      "proyecto"
    ],
    "object_pk": "1",
    "group": [
      "2_1"
    ]
  }
},
{
  "model": "guardian.groupobjectpermission",
  "pk": 12,
  "fields": {
    "permission": [
      "importar_roles_internos",
      "proyectos",
      "proyecto"
    ],
    "content_type": [
      "proyectos",
      "proyecto"
    ],
    "object_pk": "1",
    "group": [
      "2_1"
    ]
  }
},
{
  "model": "guardian.groupobjectpermission",
  "pk": 13,
  "fields": {
    "permission": [
      "agregar_participante",
      "proyectos",
      "proyecto"
    ],
    "content_type": [
      "proyectos",
      "proyecto"
    ],
    "object_pk": "1",
    "group": [
      "2_1"
    ]
  }
},
{
  "model": "guardian.groupobjectpermission",
  "pk": 14,
  "fields": {
    "permission": [
      "modificar_participante",
      "proyectos",
      "proyecto"
    ],
    "content_type": [
      "proyectos",
      "proyecto"
    ],
    "object_pk": "1",
    "group": [
      "2_1"
    ]
  }
},
{
  "model": "guardian.groupobjectpermission",
  "pk": 15,
  "fields": {
    "permission": [
      "borrar_participante",
      "proyectos",
      "proyecto"
    ],
    "content_type": [
      "proyectos",
      "proyecto"
    ],
    "object_pk": "1",
    "group": [
      "2_1"
    ]
  }
},
{
  "model": "guardian.groupobjectpermission",
  "pk": 16,
  "fields": {
    "permission": [
      "listar_participante",
      "proyectos",
      "proyecto"
    ],
    "content_type": [
      "proyectos",
      "proyecto"
    ],
    "object_pk": "1",
    "group": [
      "2_1"
    ]
  }
},
{
  "model": "guardian.groupobjectpermission",
  "pk": 17,
  "fields": {
    "permission": [
      "listar_roles_internos",
      "proyectos",
      "proyecto"
    ],
    "content_type": [
      "proyectos",
      "proyecto"
    ],
    "object_pk": "1",
    "group": [
      "2_1"
    ]
  }
},
{
  "model": "guardian.groupobjectpermission",
  "pk": 18,
  "fields": {
    "permission": [
      "actualizar_rol_interno",
      "proyectos",
      "proyecto"
    ],
    "content_type": [
      "proyectos",
      "proyecto"
    ],
    "object_pk": "1",
    "group": [
      "2_1"
    ]
  }
},
{
  "model": "guardian.groupobjectpermission",
  "pk": 19,
  "fields": {
    "permission": [
      "borrar_rol_interno",
      "proyectos",
      "proyecto"
    ],
    "content_type": [
      "proyectos",
      "proyecto"
    ],
    "object_pk": "1",
    "group": [
      "2_1"
    ]
  }
},
{
  "model": "guardian.groupobjectpermission",
  "pk": 20,
  "fields": {
    "permission": [
      "importar_tipo_HU",
      "proyectos",
      "proyecto"
    ],
    "content_type": [
      "proyectos",
      "proyecto"
    ],
    "object_pk": "1",
    "group": [
      "2_1"
    ]
  }
},
{
  "model": "guardian.groupobjectpermission",
  "pk": 21,
  "fields": {
    "permission": [
      "modificar_columnas_tipo_HU",
      "proyectos",
      "proyecto"
    ],
    "content_type": [
      "proyectos",
      "proyecto"
    ],
    "object_pk": "1",
    "group": [
      "2_1"
    ]
  }
},
{
  "model": "guardian.groupobjectpermission",
  "pk": 22,
  "fields": {
    "permission": [
      "listar_historias_usuario",
      "proyectos",
      "proyecto"
    ],
    "content_type": [
      "proyectos",
      "proyecto"
    ],
    "object_pk": "1",
    "group": [
      "2_1"
    ]
  }
},
{
  "model": "guardian.groupobjectpermission",
  "pk": 23,
  "fields": {
    "permission": [
      "obtener_historia_usuario",
      "proyectos",
      "proyecto"
    ],
    "content_type": [
      "proyectos",
      "proyecto"
    ],
    "object_pk": "1",
    "group": [
      "2_1"
    ]
  }
},
{
  "model": "guardian.groupobjectpermission",
  "pk": 24,
  "fields": {
    "permission": [
      "crear_historia_usuario",
      "proyectos",
      "proyecto"
    ],
    "content_type": [
      "proyectos",
      "proyecto"
    ],
    "object_pk": "1",
    "group": [
      "2_1"
    ]
  }
},
{
  "model": "guardian.groupobjectpermission",
  "pk": 25,
  "fields": {
    "permission": [
      "actualizar_historia_usuario",
      "proyectos",
      "proyecto"
    ],
    "content_type": [
      "proyectos",
      "proyecto"
    ],
    "object_pk": "1",
    "group": [
      "2_1"
    ]
  }
},
{
  "model": "guardian.groupobjectpermission",
  "pk": 26,
  "fields": {
    "permission": [
      "borrar_historia_usuario",
      "proyectos",
      "proyecto"
    ],
    "content_type": [
      "proyectos",
      "proyecto"
    ],
    "object_pk": "1",
    "group": [
      "2_1"
    ]
  }
},
{
  "model": "guardian.groupobjectpermission",
  "pk": 27,
  "fields": {
    "permission": [
      "listar_sprint_proyecto",
      "proyectos",
      "proyecto"
    ],
    "content_type": [
      "proyectos",
      "proyecto"
    ],
    "object_pk": "1",
    "group": [
      "2_1"
    ]
  }
},
{
  "model": "guardian.groupobjectpermission",
  "pk": 28,
  "fields": {
    "permission": [
      "crear_sprint",
      "proyectos",
      "proyecto"
    ],
    "content_type": [
      "proyectos",
      "proyecto"
    ],
    "object_pk": "1",
    "group": [
      "2_1"
    ]
  }
},
{
  "model": "guardian.groupobjectpermission",
  "pk": 29,
  "fields": {
    "permission": [
      "obtener_sprint",
      "proyectos",
      "proyecto"
    ],
    "content_type": [
      "proyectos",
      "proyecto"
    ],
    "object_pk": "1",
    "group": [
      "2_1"
    ]
  }
},
{
  "model": "guardian.groupobjectpermission",
  "pk": 30,
  "fields": {
    "permission": [
      "borrar_sprint",
      "proyectos",
      "proyecto"
    ],
    "content_type": [
      "proyectos",
      "proyecto"
    ],
    "object_pk": "1",
    "group": [
      "2_1"
    ]
  }
},
{
  "model": "guardian.groupobjectpermission",
  "pk": 31,
  "fields": {
    "permission": [
      "actualizar_sprint",
      "proyectos",
      "proyecto"
    ],
    "content_type": [
      "proyectos",
      "proyecto"
    ],
    "object_pk": "1",
    "group": [
      "2_1"
    ]
  }
},
{
  "model": "guardian.groupobjectpermission",
  "pk": 32,
  "fields": {
    "permission": [
      "ver_equipo_sprint",
      "proyectos",
      "proyecto"
    ],
    "content_type": [
      "proyectos",
      "proyecto"
    ],
    "object_pk": "1",
    "group": [
      "2_1"
    ]
  }
},
{
  "model": "guardian.groupobjectpermission",
  "pk": 33,
  "fields": {
    "permission": [
      "agregar_miembro_sprint",
      "proyectos",
      "proyecto"
    ],
    "content_type": [
      "proyectos",
      "proyecto"
    ],
    "object_pk": "1",
    "group": [
      "2_1"
    ]
  }
},
{
  "model": "guardian.groupobjectpermission",
  "pk": 34,
  "fields": {
    "permission": [
      "modificar_miembro_sprint",
      "proyectos",
      "proyecto"
    ],
    "content_type": [
      "proyectos",
      "proyecto"
    ],
    "object_pk": "1",
    "group": [
      "2_1"
    ]
  }
},
{
  "model": "guardian.groupobjectpermission",
  "pk": 35,
  "fields": {
    "permission": [
      "borrar_miembro_sprint",
      "proyectos",
      "proyecto"
    ],
    "content_type": [
      "proyectos",
      "proyecto"
    ],
    "object_pk": "1",
    "group": [
      "2_1"
    ]
  }
},
{
  "model": "guardian.groupobjectpermission",
  "pk": 36,
  "fields": {
    "permission": [
      "borrar_historia_sprintbacklog",
      "proyectos",
      "proyecto"
    ],
    "content_type": [
      "proyectos",
      "proyecto"
    ],
    "object_pk": "1",
    "group": [
      "2_1"
    ]
  }
},
{
  "model": "guardian.groupobjectpermission",
  "pk": 37,
  "fields": {
    "permission": [
      "agregar_historia_sprintbacklog",
      "proyectos",
      "proyecto"
    ],
    "content_type": [
      "proyectos",
      "proyecto"
    ],
    "object_pk": "1",
    "group": [
      "2_1"
    ]
  }
},
{
  "model": "guardian.groupobjectpermission",
  "pk": 38,
  "fields": {
    "permission": [
      "restaurar_historia_usuario",
      "proyectos",
      "proyecto"
    ],
    "content_type": [
      "proyectos",
      "proyecto"
    ],
    "object_pk": "1",
    "group": [
      "2_1"
    ]
  }
},
{
  "model": "guardian.groupobjectpermission",
  "pk": 39,
  "fields": {
    "permission": [
      "obtener_actividad_historia_usuario",
      "proyectos",
      "proyecto"
    ],
    "content_type": [
      "proyectos",
      "proyecto"
    ],
    "object_pk": "1",
    "group": [
      "2_1"
    ]
  }
},
{
  "model": "guardian.groupobjectpermission",
  "pk": 40,
  "fields": {
    "permission": [
      "eliminar_actividad_historia_usuario",
      "proyectos",
      "proyecto"
    ],
    "content_type": [
      "proyectos",
      "proyecto"
    ],
    "object_pk": "1",
    "group": [
      "2_1"
    ]
  }
},
{
  "model": "guardian.groupobjectpermission",
  "pk": 41,
  "fields": {
    "permission": [
      "crear_actividad_historia_usuario",
      "proyectos",
      "proyecto"
    ],
    "content_type": [
      "proyectos",
      "proyecto"
    ],
    "object_pk": "1",
    "group": [
      "2_1"
    ]
  }
},
{
  "model": "guardian.groupobjectpermission",
  "pk": 42,
  "fields": {
    "permission": [
      "listar_actividad_historia_usuario",
      "proyectos",
      "proyecto"
    ],
    "content_type": [
      "proyectos",
      "proyecto"
    ],
    "object_pk": "1",
    "group": [
      "2_1"
    ]
  }
},
{
  "model": "guardian.groupobjectpermission",
  "pk": 43,
  "fields": {
    "permission": [
      "generar_burndown_chart",
      "proyectos",
      "proyecto"
    ],
    "content_type": [
      "proyectos",
      "proyecto"
    ],
    "object_pk": "1",
    "group": [
      "2_1"
    ]
  }
},
{
  "model": "guardian.groupobjectpermission",
  "pk": 44,
  "fields": {
    "permission": [
      "crear_rol_interno",
      "proyectos",
      "proyecto"
    ],
    "content_type": [
      "proyectos",
      "proyecto"
    ],
    "object_pk": "2",
    "group": [
      "3_2"
    ]
  }
},
{
  "model": "guardian.groupobjectpermission",
  "pk": 45,
  "fields": {
    "permission": [
      "crear_proyecto",
      "proyectos",
      "proyecto"
    ],
    "content_type": [
      "proyectos",
      "proyecto"
    ],
    "object_pk": "2",
    "group": [
      "3_2"
    ]
  }
},
{
  "model": "guardian.groupobjectpermission",
  "pk": 46,
  "fields": {
    "permission": [
      "eliminar_proyecto",
      "proyectos",
      "proyecto"
    ],
    "content_type": [
      "proyectos",
      "proyecto"
    ],
    "object_pk": "2",
    "group": [
      "3_2"
    ]
  }
},
{
  "model": "guardian.groupobjectpermission",
  "pk": 47,
  "fields": {
    "permission": [
      "actualizar_proyecto",
      "proyectos",
      "proyecto"
    ],
    "content_type": [
      "proyectos",
      "proyecto"
    ],
    "object_pk": "2",
    "group": [
      "3_2"
    ]
  }
},
{
  "model": "guardian.groupobjectpermission",
  "pk": 48,
  "fields": {
    "permission": [
      "archivar_proyecto",
      "proyectos",
      "proyecto"
    ],
    "content_type": [
      "proyectos",
      "proyecto"
    ],
    "object_pk": "2",
    "group": [
      "3_2"
    ]
  }
},
{
  "model": "guardian.groupobjectpermission",
  "pk": 49,
  "fields": {
    "permission": [
      "cambiar_estado_proyecto",
      "proyectos",
      "proyecto"
    ],
    "content_type": [
      "proyectos",
      "proyecto"
    ],
    "object_pk": "2",
    "group": [
      "3_2"
    ]
  }
},
{
  "model": "guardian.groupobjectpermission",
  "pk": 50,
  "fields": {
    "permission": [
      "listar_proyectos",
      "proyectos",
      "proyecto"
    ],
    "content_type": [
      "proyectos",
      "proyecto"
    ],
    "object_pk": "2",
    "group": [
      "3_2"
    ]
  }
},
{
  "model": "guardian.groupobjectpermission",
  "pk": 51,
  "fields": {
    "permission": [
      "iniciar_proyecto",
      "proyectos",
      "proyecto"
    ],
    "content_type": [
      "proyectos",
      "proyecto"
    ],
    "object_pk": "2",
    "group": [
      "3_2"
    ]
  }
},
{
  "model": "guardian.groupobjectpermission",
  "pk": 52,
  "fields": {
    "permission": [
      "crear_tipo_HU",
      "proyectos",
      "proyecto"
    ],
    "content_type": [
      "proyectos",
      "proyecto"
    ],
    "object_pk": "2",
    "group": [
      "3_2"
    ]
  }
},
{
  "model": "guardian.groupobjectpermission",
  "pk": 53,
  "fields": {
    "permission": [
      "borrar_tipo_HU",
      "proyectos",
      "proyecto"
    ],
    "content_type": [
      "proyectos",
      "proyecto"
    ],
    "object_pk": "2",
    "group": [
      "3_2"
    ]
  }
},
{
  "model": "guardian.groupobjectpermission",
  "pk": 54,
  "fields": {
    "permission": [
      "actualizar_tipo_HU",
      "proyectos",
      "proyecto"
    ],
    "content_type": [
      "proyectos",
      "proyecto"
    ],
    "object_pk": "2",
    "group": [
      "3_2"
    ]
  }
},
{
  "model": "guardian.groupobjectpermission",
  "pk": 55,
  "fields": {
    "permission": [
      "importar_roles_internos",
      "proyectos",
      "proyecto"
    ],
    "content_type": [
      "proyectos",
      "proyecto"
    ],
    "object_pk": "2",
    "group": [
      "3_2"
    ]
  }
},
{
  "model": "guardian.groupobjectpermission",
  "pk": 56,
  "fields": {
    "permission": [
      "agregar_participante",
      "proyectos",
      "proyecto"
    ],
    "content_type": [
      "proyectos",
      "proyecto"
    ],
    "object_pk": "2",
    "group": [
      "3_2"
    ]
  }
},
{
  "model": "guardian.groupobjectpermission",
  "pk": 57,
  "fields": {
    "permission": [
      "modificar_participante",
      "proyectos",
      "proyecto"
    ],
    "content_type": [
      "proyectos",
      "proyecto"
    ],
    "object_pk": "2",
    "group": [
      "3_2"
    ]
  }
},
{
  "model": "guardian.groupobjectpermission",
  "pk": 58,
  "fields": {
    "permission": [
      "borrar_participante",
      "proyectos",
      "proyecto"
    ],
    "content_type": [
      "proyectos",
      "proyecto"
    ],
    "object_pk": "2",
    "group": [
      "3_2"
    ]
  }
},
{
  "model": "guardian.groupobjectpermission",
  "pk": 59,
  "fields": {
    "permission": [
      "listar_participante",
      "proyectos",
      "proyecto"
    ],
    "content_type": [
      "proyectos",
      "proyecto"
    ],
    "object_pk": "2",
    "group": [
      "3_2"
    ]
  }
},
{
  "model": "guardian.groupobjectpermission",
  "pk": 60,
  "fields": {
    "permission": [
      "listar_roles_internos",
      "proyectos",
      "proyecto"
    ],
    "content_type": [
      "proyectos",
      "proyecto"
    ],
    "object_pk": "2",
    "group": [
      "3_2"
    ]
  }
},
{
  "model": "guardian.groupobjectpermission",
  "pk": 61,
  "fields": {
    "permission": [
      "actualizar_rol_interno",
      "proyectos",
      "proyecto"
    ],
    "content_type": [
      "proyectos",
      "proyecto"
    ],
    "object_pk": "2",
    "group": [
      "3_2"
    ]
  }
},
{
  "model": "guardian.groupobjectpermission",
  "pk": 62,
  "fields": {
    "permission": [
      "borrar_rol_interno",
      "proyectos",
      "proyecto"
    ],
    "content_type": [
      "proyectos",
      "proyecto"
    ],
    "object_pk": "2",
    "group": [
      "3_2"
    ]
  }
},
{
  "model": "guardian.groupobjectpermission",
  "pk": 63,
  "fields": {
    "permission": [
      "importar_tipo_HU",
      "proyectos",
      "proyecto"
    ],
    "content_type": [
      "proyectos",
      "proyecto"
    ],
    "object_pk": "2",
    "group": [
      "3_2"
    ]
  }
},
{
  "model": "guardian.groupobjectpermission",
  "pk": 64,
  "fields": {
    "permission": [
      "modificar_columnas_tipo_HU",
      "proyectos",
      "proyecto"
    ],
    "content_type": [
      "proyectos",
      "proyecto"
    ],
    "object_pk": "2",
    "group": [
      "3_2"
    ]
  }
},
{
  "model": "guardian.groupobjectpermission",
  "pk": 65,
  "fields": {
    "permission": [
      "listar_historias_usuario",
      "proyectos",
      "proyecto"
    ],
    "content_type": [
      "proyectos",
      "proyecto"
    ],
    "object_pk": "2",
    "group": [
      "3_2"
    ]
  }
},
{
  "model": "guardian.groupobjectpermission",
  "pk": 66,
  "fields": {
    "permission": [
      "obtener_historia_usuario",
      "proyectos",
      "proyecto"
    ],
    "content_type": [
      "proyectos",
      "proyecto"
    ],
    "object_pk": "2",
    "group": [
      "3_2"
    ]
  }
},
{
  "model": "guardian.groupobjectpermission",
  "pk": 67,
  "fields": {
    "permission": [
      "crear_historia_usuario",
      "proyectos",
      "proyecto"
    ],
    "content_type": [
      "proyectos",
      "proyecto"
    ],
    "object_pk": "2",
    "group": [
      "3_2"
    ]
  }
},
{
  "model": "guardian.groupobjectpermission",
  "pk": 68,
  "fields": {
    "permission": [
      "actualizar_historia_usuario",
      "proyectos",
      "proyecto"
    ],
    "content_type": [
      "proyectos",
      "proyecto"
    ],
    "object_pk": "2",
    "group": [
      "3_2"
    ]
  }
},
{
  "model": "guardian.groupobjectpermission",
  "pk": 69,
  "fields": {
    "permission": [
      "borrar_historia_usuario",
      "proyectos",
      "proyecto"
    ],
    "content_type": [
      "proyectos",
      "proyecto"
    ],
    "object_pk": "2",
    "group": [
      "3_2"
    ]
  }
},
{
  "model": "guardian.groupobjectpermission",
  "pk": 70,
  "fields": {
    "permission": [
      "listar_sprint_proyecto",
      "proyectos",
      "proyecto"
    ],
    "content_type": [
      "proyectos",
      "proyecto"
    ],
    "object_pk": "2",
    "group": [
      "3_2"
    ]
  }
},
{
  "model": "guardian.groupobjectpermission",
  "pk": 71,
  "fields": {
    "permission": [
      "crear_sprint",
      "proyectos",
      "proyecto"
    ],
    "content_type": [
      "proyectos",
      "proyecto"
    ],
    "object_pk": "2",
    "group": [
      "3_2"
    ]
  }
},
{
  "model": "guardian.groupobjectpermission",
  "pk": 72,
  "fields": {
    "permission": [
      "obtener_sprint",
      "proyectos",
      "proyecto"
    ],
    "content_type": [
      "proyectos",
      "proyecto"
    ],
    "object_pk": "2",
    "group": [
      "3_2"
    ]
  }
},
{
  "model": "guardian.groupobjectpermission",
  "pk": 73,
  "fields": {
    "permission": [
      "borrar_sprint",
      "proyectos",
      "proyecto"
    ],
    "content_type": [
      "proyectos",
      "proyecto"
    ],
    "object_pk": "2",
    "group": [
      "3_2"
    ]
  }
},
{
  "model": "guardian.groupobjectpermission",
  "pk": 74,
  "fields": {
    "permission": [
      "actualizar_sprint",
      "proyectos",
      "proyecto"
    ],
    "content_type": [
      "proyectos",
      "proyecto"
    ],
    "object_pk": "2",
    "group": [
      "3_2"
    ]
  }
},
{
  "model": "guardian.groupobjectpermission",
  "pk": 75,
  "fields": {
    "permission": [
      "ver_equipo_sprint",
      "proyectos",
      "proyecto"
    ],
    "content_type": [
      "proyectos",
      "proyecto"
    ],
    "object_pk": "2",
    "group": [
      "3_2"
    ]
  }
},
{
  "model": "guardian.groupobjectpermission",
  "pk": 76,
  "fields": {
    "permission": [
      "agregar_miembro_sprint",
      "proyectos",
      "proyecto"
    ],
    "content_type": [
      "proyectos",
      "proyecto"
    ],
    "object_pk": "2",
    "group": [
      "3_2"
    ]
  }
},
{
  "model": "guardian.groupobjectpermission",
  "pk": 77,
  "fields": {
    "permission": [
      "modificar_miembro_sprint",
      "proyectos",
      "proyecto"
    ],
    "content_type": [
      "proyectos",
      "proyecto"
    ],
    "object_pk": "2",
    "group": [
      "3_2"
    ]
  }
},
{
  "model": "guardian.groupobjectpermission",
  "pk": 78,
  "fields": {
    "permission": [
      "borrar_miembro_sprint",
      "proyectos",
      "proyecto"
    ],
    "content_type": [
      "proyectos",
      "proyecto"
    ],
    "object_pk": "2",
    "group": [
      "3_2"
    ]
  }
},
{
  "model": "guardian.groupobjectpermission",
  "pk": 79,
  "fields": {
    "permission": [
      "borrar_historia_sprintbacklog",
      "proyectos",
      "proyecto"
    ],
    "content_type": [
      "proyectos",
      "proyecto"
    ],
    "object_pk": "2",
    "group": [
      "3_2"
    ]
  }
},
{
  "model": "guardian.groupobjectpermission",
  "pk": 80,
  "fields": {
    "permission": [
      "agregar_historia_sprintbacklog",
      "proyectos",
      "proyecto"
    ],
    "content_type": [
      "proyectos",
      "proyecto"
    ],
    "object_pk": "2",
    "group": [
      "3_2"
    ]
  }
},
{
  "model": "guardian.groupobjectpermission",
  "pk": 81,
  "fields": {
    "permission": [
      "restaurar_historia_usuario",
      "proyectos",
      "proyecto"
    ],
    "content_type": [
      "proyectos",
      "proyecto"
    ],
    "object_pk": "2",
    "group": [
      "3_2"
    ]
  }
},
{
  "model": "guardian.groupobjectpermission",
  "pk": 82,
  "fields": {
    "permission": [
      "obtener_actividad_historia_usuario",
      "proyectos",
      "proyecto"
    ],
    "content_type": [
      "proyectos",
      "proyecto"
    ],
    "object_pk": "2",
    "group": [
      "3_2"
    ]
  }
},
{
  "model": "guardian.groupobjectpermission",
  "pk": 83,
  "fields": {
    "permission": [
      "eliminar_actividad_historia_usuario",
      "proyectos",
      "proyecto"
    ],
    "content_type": [
      "proyectos",
      "proyecto"
    ],
    "object_pk": "2",
    "group": [
      "3_2"
    ]
  }
},
{
  "model": "guardian.groupobjectpermission",
  "pk": 84,
  "fields": {
    "permission": [
      "crear_actividad_historia_usuario",
      "proyectos",
      "proyecto"
    ],
    "content_type": [
      "proyectos",
      "proyecto"
    ],
    "object_pk": "2",
    "group": [
      "3_2"
    ]
  }
},
{
  "model": "guardian.groupobjectpermission",
  "pk": 85,
  "fields": {
    "permission": [
      "listar_actividad_historia_usuario",
      "proyectos",
      "proyecto"
    ],
    "content_type": [
      "proyectos",
      "proyecto"
    ],
    "object_pk": "2",
    "group": [
      "3_2"
    ]
  }
},
{
  "model": "guardian.groupobjectpermission",
  "pk": 86,
  "fields": {
    "permission": [
      "generar_burndown_chart",
      "proyectos",
      "proyecto"
    ],
    "content_type": [
      "proyectos",
      "proyecto"
    ],
    "object_pk": "2",
    "group": [
      "3_2"
    ]
  }
},
{
  "model": "guardian.groupobjectpermission",
  "pk": 87,
  "fields": {
    "permission": [
      "crear_rol_interno",
      "proyectos",
      "proyecto"
    ],
    "content_type": [
      "proyectos",
      "proyecto"
    ],
    "object_pk": "3",
    "group": [
      "4_3"
    ]
  }
},
{
  "model": "guardian.groupobjectpermission",
  "pk": 88,
  "fields": {
    "permission": [
      "crear_proyecto",
      "proyectos",
      "proyecto"
    ],
    "content_type": [
      "proyectos",
      "proyecto"
    ],
    "object_pk": "3",
    "group": [
      "4_3"
    ]
  }
},
{
  "model": "guardian.groupobjectpermission",
  "pk": 89,
  "fields": {
    "permission": [
      "eliminar_proyecto",
      "proyectos",
      "proyecto"
    ],
    "content_type": [
      "proyectos",
      "proyecto"
    ],
    "object_pk": "3",
    "group": [
      "4_3"
    ]
  }
},
{
  "model": "guardian.groupobjectpermission",
  "pk": 90,
  "fields": {
    "permission": [
      "actualizar_proyecto",
      "proyectos",
      "proyecto"
    ],
    "content_type": [
      "proyectos",
      "proyecto"
    ],
    "object_pk": "3",
    "group": [
      "4_3"
    ]
  }
},
{
  "model": "guardian.groupobjectpermission",
  "pk": 91,
  "fields": {
    "permission": [
      "archivar_proyecto",
      "proyectos",
      "proyecto"
    ],
    "content_type": [
      "proyectos",
      "proyecto"
    ],
    "object_pk": "3",
    "group": [
      "4_3"
    ]
  }
},
{
  "model": "guardian.groupobjectpermission",
  "pk": 92,
  "fields": {
    "permission": [
      "cambiar_estado_proyecto",
      "proyectos",
      "proyecto"
    ],
    "content_type": [
      "proyectos",
      "proyecto"
    ],
    "object_pk": "3",
    "group": [
      "4_3"
    ]
  }
},
{
  "model": "guardian.groupobjectpermission",
  "pk": 93,
  "fields": {
    "permission": [
      "listar_proyectos",
      "proyectos",
      "proyecto"
    ],
    "content_type": [
      "proyectos",
      "proyecto"
    ],
    "object_pk": "3",
    "group": [
      "4_3"
    ]
  }
},
{
  "model": "guardian.groupobjectpermission",
  "pk": 94,
  "fields": {
    "permission": [
      "iniciar_proyecto",
      "proyectos",
      "proyecto"
    ],
    "content_type": [
      "proyectos",
      "proyecto"
    ],
    "object_pk": "3",
    "group": [
      "4_3"
    ]
  }
},
{
  "model": "guardian.groupobjectpermission",
  "pk": 95,
  "fields": {
    "permission": [
      "crear_tipo_HU",
      "proyectos",
      "proyecto"
    ],
    "content_type": [
      "proyectos",
      "proyecto"
    ],
    "object_pk": "3",
    "group": [
      "4_3"
    ]
  }
},
{
  "model": "guardian.groupobjectpermission",
  "pk": 96,
  "fields": {
    "permission": [
      "borrar_tipo_HU",
      "proyectos",
      "proyecto"
    ],
    "content_type": [
      "proyectos",
      "proyecto"
    ],
    "object_pk": "3",
    "group": [
      "4_3"
    ]
  }
},
{
  "model": "guardian.groupobjectpermission",
  "pk": 97,
  "fields": {
    "permission": [
      "actualizar_tipo_HU",
      "proyectos",
      "proyecto"
    ],
    "content_type": [
      "proyectos",
      "proyecto"
    ],
    "object_pk": "3",
    "group": [
      "4_3"
    ]
  }
},
{
  "model": "guardian.groupobjectpermission",
  "pk": 98,
  "fields": {
    "permission": [
      "importar_roles_internos",
      "proyectos",
      "proyecto"
    ],
    "content_type": [
      "proyectos",
      "proyecto"
    ],
    "object_pk": "3",
    "group": [
      "4_3"
    ]
  }
},
{
  "model": "guardian.groupobjectpermission",
  "pk": 99,
  "fields": {
    "permission": [
      "agregar_participante",
      "proyectos",
      "proyecto"
    ],
    "content_type": [
      "proyectos",
      "proyecto"
    ],
    "object_pk": "3",
    "group": [
      "4_3"
    ]
  }
},
{
  "model": "guardian.groupobjectpermission",
  "pk": 100,
  "fields": {
    "permission": [
      "modificar_participante",
      "proyectos",
      "proyecto"
    ],
    "content_type": [
      "proyectos",
      "proyecto"
    ],
    "object_pk": "3",
    "group": [
      "4_3"
    ]
  }
},
{
  "model": "guardian.groupobjectpermission",
  "pk": 101,
  "fields": {
    "permission": [
      "borrar_participante",
      "proyectos",
      "proyecto"
    ],
    "content_type": [
      "proyectos",
      "proyecto"
    ],
    "object_pk": "3",
    "group": [
      "4_3"
    ]
  }
},
{
  "model": "guardian.groupobjectpermission",
  "pk": 102,
  "fields": {
    "permission": [
      "listar_participante",
      "proyectos",
      "proyecto"
    ],
    "content_type": [
      "proyectos",
      "proyecto"
    ],
    "object_pk": "3",
    "group": [
      "4_3"
    ]
  }
},
{
  "model": "guardian.groupobjectpermission",
  "pk": 103,
  "fields": {
    "permission": [
      "listar_roles_internos",
      "proyectos",
      "proyecto"
    ],
    "content_type": [
      "proyectos",
      "proyecto"
    ],
    "object_pk": "3",
    "group": [
      "4_3"
    ]
  }
},
{
  "model": "guardian.groupobjectpermission",
  "pk": 104,
  "fields": {
    "permission": [
      "actualizar_rol_interno",
      "proyectos",
      "proyecto"
    ],
    "content_type": [
      "proyectos",
      "proyecto"
    ],
    "object_pk": "3",
    "group": [
      "4_3"
    ]
  }
},
{
  "model": "guardian.groupobjectpermission",
  "pk": 105,
  "fields": {
    "permission": [
      "borrar_rol_interno",
      "proyectos",
      "proyecto"
    ],
    "content_type": [
      "proyectos",
      "proyecto"
    ],
    "object_pk": "3",
    "group": [
      "4_3"
    ]
  }
},
{
  "model": "guardian.groupobjectpermission",
  "pk": 106,
  "fields": {
    "permission": [
      "importar_tipo_HU",
      "proyectos",
      "proyecto"
    ],
    "content_type": [
      "proyectos",
      "proyecto"
    ],
    "object_pk": "3",
    "group": [
      "4_3"
    ]
  }
},
{
  "model": "guardian.groupobjectpermission",
  "pk": 107,
  "fields": {
    "permission": [
      "modificar_columnas_tipo_HU",
      "proyectos",
      "proyecto"
    ],
    "content_type": [
      "proyectos",
      "proyecto"
    ],
    "object_pk": "3",
    "group": [
      "4_3"
    ]
  }
},
{
  "model": "guardian.groupobjectpermission",
  "pk": 108,
  "fields": {
    "permission": [
      "listar_historias_usuario",
      "proyectos",
      "proyecto"
    ],
    "content_type": [
      "proyectos",
      "proyecto"
    ],
    "object_pk": "3",
    "group": [
      "4_3"
    ]
  }
},
{
  "model": "guardian.groupobjectpermission",
  "pk": 109,
  "fields": {
    "permission": [
      "obtener_historia_usuario",
      "proyectos",
      "proyecto"
    ],
    "content_type": [
      "proyectos",
      "proyecto"
    ],
    "object_pk": "3",
    "group": [
      "4_3"
    ]
  }
},
{
  "model": "guardian.groupobjectpermission",
  "pk": 110,
  "fields": {
    "permission": [
      "crear_historia_usuario",
      "proyectos",
      "proyecto"
    ],
    "content_type": [
      "proyectos",
      "proyecto"
    ],
    "object_pk": "3",
    "group": [
      "4_3"
    ]
  }
},
{
  "model": "guardian.groupobjectpermission",
  "pk": 111,
  "fields": {
    "permission": [
      "actualizar_historia_usuario",
      "proyectos",
      "proyecto"
    ],
    "content_type": [
      "proyectos",
      "proyecto"
    ],
    "object_pk": "3",
    "group": [
      "4_3"
    ]
  }
},
{
  "model": "guardian.groupobjectpermission",
  "pk": 112,
  "fields": {
    "permission": [
      "borrar_historia_usuario",
      "proyectos",
      "proyecto"
    ],
    "content_type": [
      "proyectos",
      "proyecto"
    ],
    "object_pk": "3",
    "group": [
      "4_3"
    ]
  }
},
{
  "model": "guardian.groupobjectpermission",
  "pk": 113,
  "fields": {
    "permission": [
      "listar_sprint_proyecto",
      "proyectos",
      "proyecto"
    ],
    "content_type": [
      "proyectos",
      "proyecto"
    ],
    "object_pk": "3",
    "group": [
      "4_3"
    ]
  }
},
{
  "model": "guardian.groupobjectpermission",
  "pk": 114,
  "fields": {
    "permission": [
      "crear_sprint",
      "proyectos",
      "proyecto"
    ],
    "content_type": [
      "proyectos",
      "proyecto"
    ],
    "object_pk": "3",
    "group": [
      "4_3"
    ]
  }
},
{
  "model": "guardian.groupobjectpermission",
  "pk": 115,
  "fields": {
    "permission": [
      "obtener_sprint",
      "proyectos",
      "proyecto"
    ],
    "content_type": [
      "proyectos",
      "proyecto"
    ],
    "object_pk": "3",
    "group": [
      "4_3"
    ]
  }
},
{
  "model": "guardian.groupobjectpermission",
  "pk": 116,
  "fields": {
    "permission": [
      "borrar_sprint",
      "proyectos",
      "proyecto"
    ],
    "content_type": [
      "proyectos",
      "proyecto"
    ],
    "object_pk": "3",
    "group": [
      "4_3"
    ]
  }
},
{
  "model": "guardian.groupobjectpermission",
  "pk": 117,
  "fields": {
    "permission": [
      "actualizar_sprint",
      "proyectos",
      "proyecto"
    ],
    "content_type": [
      "proyectos",
      "proyecto"
    ],
    "object_pk": "3",
    "group": [
      "4_3"
    ]
  }
},
{
  "model": "guardian.groupobjectpermission",
  "pk": 118,
  "fields": {
    "permission": [
      "ver_equipo_sprint",
      "proyectos",
      "proyecto"
    ],
    "content_type": [
      "proyectos",
      "proyecto"
    ],
    "object_pk": "3",
    "group": [
      "4_3"
    ]
  }
},
{
  "model": "guardian.groupobjectpermission",
  "pk": 119,
  "fields": {
    "permission": [
      "agregar_miembro_sprint",
      "proyectos",
      "proyecto"
    ],
    "content_type": [
      "proyectos",
      "proyecto"
    ],
    "object_pk": "3",
    "group": [
      "4_3"
    ]
  }
},
{
  "model": "guardian.groupobjectpermission",
  "pk": 120,
  "fields": {
    "permission": [
      "modificar_miembro_sprint",
      "proyectos",
      "proyecto"
    ],
    "content_type": [
      "proyectos",
      "proyecto"
    ],
    "object_pk": "3",
    "group": [
      "4_3"
    ]
  }
},
{
  "model": "guardian.groupobjectpermission",
  "pk": 121,
  "fields": {
    "permission": [
      "borrar_miembro_sprint",
      "proyectos",
      "proyecto"
    ],
    "content_type": [
      "proyectos",
      "proyecto"
    ],
    "object_pk": "3",
    "group": [
      "4_3"
    ]
  }
},
{
  "model": "guardian.groupobjectpermission",
  "pk": 122,
  "fields": {
    "permission": [
      "borrar_historia_sprintbacklog",
      "proyectos",
      "proyecto"
    ],
    "content_type": [
      "proyectos",
      "proyecto"
    ],
    "object_pk": "3",
    "group": [
      "4_3"
    ]
  }
},
{
  "model": "guardian.groupobjectpermission",
  "pk": 123,
  "fields": {
    "permission": [
      "agregar_historia_sprintbacklog",
      "proyectos",
      "proyecto"
    ],
    "content_type": [
      "proyectos",
      "proyecto"
    ],
    "object_pk": "3",
    "group": [
      "4_3"
    ]
  }
},
{
  "model": "guardian.groupobjectpermission",
  "pk": 124,
  "fields": {
    "permission": [
      "restaurar_historia_usuario",
      "proyectos",
      "proyecto"
    ],
    "content_type": [
      "proyectos",
      "proyecto"
    ],
    "object_pk": "3",
    "group": [
      "4_3"
    ]
  }
},
{
  "model": "guardian.groupobjectpermission",
  "pk": 125,
  "fields": {
    "permission": [
      "obtener_actividad_historia_usuario",
      "proyectos",
      "proyecto"
    ],
    "content_type": [
      "proyectos",
      "proyecto"
    ],
    "object_pk": "3",
    "group": [
      "4_3"
    ]
  }
},
{
  "model": "guardian.groupobjectpermission",
  "pk": 126,
  "fields": {
    "permission": [
      "eliminar_actividad_historia_usuario",
      "proyectos",
      "proyecto"
    ],
    "content_type": [
      "proyectos",
      "proyecto"
    ],
    "object_pk": "3",
    "group": [
      "4_3"
    ]
  }
},
{
  "model": "guardian.groupobjectpermission",
  "pk": 127,
  "fields": {
    "permission": [
      "crear_actividad_historia_usuario",
      "proyectos",
      "proyecto"
    ],
    "content_type": [
      "proyectos",
      "proyecto"
    ],
    "object_pk": "3",
    "group": [
      "4_3"
    ]
  }
},
{
  "model": "guardian.groupobjectpermission",
  "pk": 128,
  "fields": {
    "permission": [
      "listar_actividad_historia_usuario",
      "proyectos",
      "proyecto"
    ],
    "content_type": [
      "proyectos",
      "proyecto"
    ],
    "object_pk": "3",
    "group": [
      "4_3"
    ]
  }
},
{
  "model": "guardian.groupobjectpermission",
  "pk": 129,
  "fields": {
    "permission": [
      "generar_burndown_chart",
      "proyectos",
      "proyecto"
    ],
    "content_type": [
      "proyectos",
      "proyecto"
    ],
    "object_pk": "3",
    "group": [
      "4_3"
    ]
  }
},
{
  "model": "guardian.groupobjectpermission",
  "pk": 130,
  "fields": {
    "permission": [
      "listar_proyectos",
      "proyectos",
      "proyecto"
    ],
    "content_type": [
      "proyectos",
      "proyecto"
    ],
    "object_pk": "1",
    "group": [
      "5_1"
    ]
  }
},
{
  "model": "guardian.groupobjectpermission",
  "pk": 131,
  "fields": {
    "permission": [
      "listar_participante",
      "proyectos",
      "proyecto"
    ],
    "content_type": [
      "proyectos",
      "proyecto"
    ],
    "object_pk": "1",
    "group": [
      "5_1"
    ]
  }
},
{
  "model": "guardian.groupobjectpermission",
  "pk": 132,
  "fields": {
    "permission": [
      "listar_roles_internos",
      "proyectos",
      "proyecto"
    ],
    "content_type": [
      "proyectos",
      "proyecto"
    ],
    "object_pk": "1",
    "group": [
      "5_1"
    ]
  }
},
{
  "model": "guardian.groupobjectpermission",
  "pk": 133,
  "fields": {
    "permission": [
      "listar_historias_usuario",
      "proyectos",
      "proyecto"
    ],
    "content_type": [
      "proyectos",
      "proyecto"
    ],
    "object_pk": "1",
    "group": [
      "5_1"
    ]
  }
},
{
  "model": "guardian.groupobjectpermission",
  "pk": 134,
  "fields": {
    "permission": [
      "obtener_historia_usuario",
      "proyectos",
      "proyecto"
    ],
    "content_type": [
      "proyectos",
      "proyecto"
    ],
    "object_pk": "1",
    "group": [
      "5_1"
    ]
  }
},
{
  "model": "guardian.groupobjectpermission",
  "pk": 135,
  "fields": {
    "permission": [
      "actualizar_historia_usuario",
      "proyectos",
      "proyecto"
    ],
    "content_type": [
      "proyectos",
      "proyecto"
    ],
    "object_pk": "1",
    "group": [
      "5_1"
    ]
  }
},
{
  "model": "guardian.groupobjectpermission",
  "pk": 136,
  "fields": {
    "permission": [
      "listar_sprint_proyecto",
      "proyectos",
      "proyecto"
    ],
    "content_type": [
      "proyectos",
      "proyecto"
    ],
    "object_pk": "1",
    "group": [
      "5_1"
    ]
  }
},
{
  "model": "guardian.groupobjectpermission",
  "pk": 137,
  "fields": {
    "permission": [
      "obtener_sprint",
      "proyectos",
      "proyecto"
    ],
    "content_type": [
      "proyectos",
      "proyecto"
    ],
    "object_pk": "1",
    "group": [
      "5_1"
    ]
  }
},
{
  "model": "guardian.groupobjectpermission",
  "pk": 138,
  "fields": {
    "permission": [
      "ver_equipo_sprint",
      "proyectos",
      "proyecto"
    ],
    "content_type": [
      "proyectos",
      "proyecto"
    ],
    "object_pk": "1",
    "group": [
      "5_1"
    ]
  }
},
{
  "model": "guardian.groupobjectpermission",
  "pk": 139,
  "fields": {
    "permission": [
      "obtener_actividad_historia_usuario",
      "proyectos",
      "proyecto"
    ],
    "content_type": [
      "proyectos",
      "proyecto"
    ],
    "object_pk": "1",
    "group": [
      "5_1"
    ]
  }
},
{
  "model": "guardian.groupobjectpermission",
  "pk": 140,
  "fields": {
    "permission": [
      "eliminar_actividad_historia_usuario",
      "proyectos",
      "proyecto"
    ],
    "content_type": [
      "proyectos",
      "proyecto"
    ],
    "object_pk": "1",
    "group": [
      "5_1"
    ]
  }
},
{
  "model": "guardian.groupobjectpermission",
  "pk": 141,
  "fields": {
    "permission": [
      "crear_actividad_historia_usuario",
      "proyectos",
      "proyecto"
    ],
    "content_type": [
      "proyectos",
      "proyecto"
    ],
    "object_pk": "1",
    "group": [
      "5_1"
    ]
  }
},
{
  "model": "guardian.groupobjectpermission",
  "pk": 142,
  "fields": {
    "permission": [
      "listar_actividad_historia_usuario",
      "proyectos",
      "proyecto"
    ],
    "content_type": [
      "proyectos",
      "proyecto"
    ],
    "object_pk": "1",
    "group": [
      "5_1"
    ]
  }
},
{
  "model": "guardian.groupobjectpermission",
  "pk": 143,
  "fields": {
    "permission": [
      "generar_burndown_chart",
      "proyectos",
      "proyecto"
    ],
    "content_type": [
      "proyectos",
      "proyecto"
    ],
    "object_pk": "1",
    "group": [
      "5_1"
    ]
  }
},
{
  "model": "guardian.groupobjectpermission",
  "pk": 144,
  "fields": {
    "permission": [
      "listar_proyectos",
      "proyectos",
      "proyecto"
    ],
    "content_type": [
      "proyectos",
      "proyecto"
    ],
    "object_pk": "2",
    "group": [
      "6_2"
    ]
  }
},
{
  "model": "guardian.groupobjectpermission",
  "pk": 145,
  "fields": {
    "permission": [
      "listar_participante",
      "proyectos",
      "proyecto"
    ],
    "content_type": [
      "proyectos",
      "proyecto"
    ],
    "object_pk": "2",
    "group": [
      "6_2"
    ]
  }
},
{
  "model": "guardian.groupobjectpermission",
  "pk": 146,
  "fields": {
    "permission": [
      "listar_roles_internos",
      "proyectos",
      "proyecto"
    ],
    "content_type": [
      "proyectos",
      "proyecto"
    ],
    "object_pk": "2",
    "group": [
      "6_2"
    ]
  }
},
{
  "model": "guardian.groupobjectpermission",
  "pk": 147,
  "fields": {
    "permission": [
      "listar_historias_usuario",
      "proyectos",
      "proyecto"
    ],
    "content_type": [
      "proyectos",
      "proyecto"
    ],
    "object_pk": "2",
    "group": [
      "6_2"
    ]
  }
},
{
  "model": "guardian.groupobjectpermission",
  "pk": 148,
  "fields": {
    "permission": [
      "obtener_historia_usuario",
      "proyectos",
      "proyecto"
    ],
    "content_type": [
      "proyectos",
      "proyecto"
    ],
    "object_pk": "2",
    "group": [
      "6_2"
    ]
  }
},
{
  "model": "guardian.groupobjectpermission",
  "pk": 149,
  "fields": {
    "permission": [
      "actualizar_historia_usuario",
      "proyectos",
      "proyecto"
    ],
    "content_type": [
      "proyectos",
      "proyecto"
    ],
    "object_pk": "2",
    "group": [
      "6_2"
    ]
  }
},
{
  "model": "guardian.groupobjectpermission",
  "pk": 150,
  "fields": {
    "permission": [
      "listar_sprint_proyecto",
      "proyectos",
      "proyecto"
    ],
    "content_type": [
      "proyectos",
      "proyecto"
    ],
    "object_pk": "2",
    "group": [
      "6_2"
    ]
  }
},
{
  "model": "guardian.groupobjectpermission",
  "pk": 151,
  "fields": {
    "permission": [
      "obtener_sprint",
      "proyectos",
      "proyecto"
    ],
    "content_type": [
      "proyectos",
      "proyecto"
    ],
    "object_pk": "2",
    "group": [
      "6_2"
    ]
  }
},
{
  "model": "guardian.groupobjectpermission",
  "pk": 152,
  "fields": {
    "permission": [
      "ver_equipo_sprint",
      "proyectos",
      "proyecto"
    ],
    "content_type": [
      "proyectos",
      "proyecto"
    ],
    "object_pk": "2",
    "group": [
      "6_2"
    ]
  }
},
{
  "model": "guardian.groupobjectpermission",
  "pk": 153,
  "fields": {
    "permission": [
      "obtener_actividad_historia_usuario",
      "proyectos",
      "proyecto"
    ],
    "content_type": [
      "proyectos",
      "proyecto"
    ],
    "object_pk": "2",
    "group": [
      "6_2"
    ]
  }
},
{
  "model": "guardian.groupobjectpermission",
  "pk": 154,
  "fields": {
    "permission": [
      "eliminar_actividad_historia_usuario",
      "proyectos",
      "proyecto"
    ],
    "content_type": [
      "proyectos",
      "proyecto"
    ],
    "object_pk": "2",
    "group": [
      "6_2"
    ]
  }
},
{
  "model": "guardian.groupobjectpermission",
  "pk": 155,
  "fields": {
    "permission": [
      "crear_actividad_historia_usuario",
      "proyectos",
      "proyecto"
    ],
    "content_type": [
      "proyectos",
      "proyecto"
    ],
    "object_pk": "2",
    "group": [
      "6_2"
    ]
  }
},
{
  "model": "guardian.groupobjectpermission",
  "pk": 156,
  "fields": {
    "permission": [
      "listar_actividad_historia_usuario",
      "proyectos",
      "proyecto"
    ],
    "content_type": [
      "proyectos",
      "proyecto"
    ],
    "object_pk": "2",
    "group": [
      "6_2"
    ]
  }
},
{
  "model": "guardian.groupobjectpermission",
  "pk": 157,
  "fields": {
    "permission": [
      "generar_burndown_chart",
      "proyectos",
      "proyecto"
    ],
    "content_type": [
      "proyectos",
      "proyecto"
    ],
    "object_pk": "2",
    "group": [
      "6_2"
    ]
  }
},
{
  "model": "guardian.groupobjectpermission",
  "pk": 158,
  "fields": {
    "permission": [
      "listar_proyectos",
      "proyectos",
      "proyecto"
    ],
    "content_type": [
      "proyectos",
      "proyecto"
    ],
    "object_pk": "3",
    "group": [
      "7_3"
    ]
  }
},
{
  "model": "guardian.groupobjectpermission",
  "pk": 159,
  "fields": {
    "permission": [
      "listar_participante",
      "proyectos",
      "proyecto"
    ],
    "content_type": [
      "proyectos",
      "proyecto"
    ],
    "object_pk": "3",
    "group": [
      "7_3"
    ]
  }
},
{
  "model": "guardian.groupobjectpermission",
  "pk": 160,
  "fields": {
    "permission": [
      "listar_roles_internos",
      "proyectos",
      "proyecto"
    ],
    "content_type": [
      "proyectos",
      "proyecto"
    ],
    "object_pk": "3",
    "group": [
      "7_3"
    ]
  }
},
{
  "model": "guardian.groupobjectpermission",
  "pk": 161,
  "fields": {
    "permission": [
      "listar_historias_usuario",
      "proyectos",
      "proyecto"
    ],
    "content_type": [
      "proyectos",
      "proyecto"
    ],
    "object_pk": "3",
    "group": [
      "7_3"
    ]
  }
},
{
  "model": "guardian.groupobjectpermission",
  "pk": 162,
  "fields": {
    "permission": [
      "obtener_historia_usuario",
      "proyectos",
      "proyecto"
    ],
    "content_type": [
      "proyectos",
      "proyecto"
    ],
    "object_pk": "3",
    "group": [
      "7_3"
    ]
  }
},
{
  "model": "guardian.groupobjectpermission",
  "pk": 163,
  "fields": {
    "permission": [
      "actualizar_historia_usuario",
      "proyectos",
      "proyecto"
    ],
    "content_type": [
      "proyectos",
      "proyecto"
    ],
    "object_pk": "3",
    "group": [
      "7_3"
    ]
  }
},
{
  "model": "guardian.groupobjectpermission",
  "pk": 164,
  "fields": {
    "permission": [
      "listar_sprint_proyecto",
      "proyectos",
      "proyecto"
    ],
    "content_type": [
      "proyectos",
      "proyecto"
    ],
    "object_pk": "3",
    "group": [
      "7_3"
    ]
  }
},
{
  "model": "guardian.groupobjectpermission",
  "pk": 165,
  "fields": {
    "permission": [
      "obtener_sprint",
      "proyectos",
      "proyecto"
    ],
    "content_type": [
      "proyectos",
      "proyecto"
    ],
    "object_pk": "3",
    "group": [
      "7_3"
    ]
  }
},
{
  "model": "guardian.groupobjectpermission",
  "pk": 166,
  "fields": {
    "permission": [
      "ver_equipo_sprint",
      "proyectos",
      "proyecto"
    ],
    "content_type": [
      "proyectos",
      "proyecto"
    ],
    "object_pk": "3",
    "group": [
      "7_3"
    ]
  }
},
{
  "model": "guardian.groupobjectpermission",
  "pk": 167,
  "fields": {
    "permission": [
      "obtener_actividad_historia_usuario",
      "proyectos",
      "proyecto"
    ],
    "content_type": [
      "proyectos",
      "proyecto"
    ],
    "object_pk": "3",
    "group": [
      "7_3"
    ]
  }
},
{
  "model": "guardian.groupobjectpermission",
  "pk": 168,
  "fields": {
    "permission": [
      "eliminar_actividad_historia_usuario",
      "proyectos",
      "proyecto"
    ],
    "content_type": [
      "proyectos",
      "proyecto"
    ],
    "object_pk": "3",
    "group": [
      "7_3"
    ]
  }
},
{
  "model": "guardian.groupobjectpermission",
  "pk": 169,
  "fields": {
    "permission": [
      "crear_actividad_historia_usuario",
      "proyectos",
      "proyecto"
    ],
    "content_type": [
      "proyectos",
      "proyecto"
    ],
    "object_pk": "3",
    "group": [
      "7_3"
    ]
  }
},
{
  "model": "guardian.groupobjectpermission",
  "pk": 170,
  "fields": {
    "permission": [
      "listar_actividad_historia_usuario",
      "proyectos",
      "proyecto"
    ],
    "content_type": [
      "proyectos",
      "proyecto"
    ],
    "object_pk": "3",
    "group": [
      "7_3"
    ]
  }
},
{
  "model": "guardian.groupobjectpermission",
  "pk": 171,
  "fields": {
    "permission": [
      "generar_burndown_chart",
      "proyectos",
      "proyecto"
    ],
    "content_type": [
      "proyectos",
      "proyecto"
    ],
    "object_pk": "3",
    "group": [
      "7_3"
    ]
  }
},
{
  "model": "guardian.groupobjectpermission",
  "pk": 172,
  "fields": {
    "permission": [
      "crear_rol_interno",
      "proyectos",
      "proyecto"
    ],
    "content_type": [
      "proyectos",
      "proyecto"
    ],
    "object_pk": "1",
    "group": [
      "8_1"
    ]
  }
},
{
  "model": "guardian.groupobjectpermission",
  "pk": 173,
  "fields": {
    "permission": [
      "actualizar_rol_interno",
      "proyectos",
      "proyecto"
    ],
    "content_type": [
      "proyectos",
      "proyecto"
    ],
    "object_pk": "1",
    "group": [
      "8_1"
    ]
  }
},
{
  "model": "guardian.groupobjectpermission",
  "pk": 174,
  "fields": {
    "permission": [
      "obtener_historial_historia",
      "proyectos",
      "proyecto"
    ],
    "content_type": [
      "proyectos",
      "proyecto"
    ],
    "object_pk": "3",
    "group": [
      "4_3"
    ]
  }
},
{
  "model": "proyectos.proyecto",
  "pk": 1,
  "fields": {
    "nombre": "Tarjeta de Transporte",
    "descripcion": "Sistema de Administracion de Tickets del Servicio de Transporte Publico (este proyecto tiene que estar listo para ejecucion)",
    "fechaInicio": "2022-11-04T01:39:31.333Z",
    "fechaFin": null,
    "scrumMaster": [
      "arturojara1999@gmail.com"
    ],
    "estado": "iniciado",
    "motivCancelacion": null
  }
},
{
  "model": "proyectos.proyecto",
  "pk": 2,
  "fields": {
    "nombre": "WebBanking",
    "descripcion": "Sistema de gestion de transferencias (este proyecto va a ser el cancelado)",
    "fechaInicio": "2022-04-23T10:24:00Z",
    "fechaFin": null,
    "scrumMaster": [
      "arturojara1999@gmail.com"
    ],
    "estado": "planificación",
    "motivCancelacion": null
  }
},
{
  "model": "proyectos.proyecto",
  "pk": 3,
  "fields": {
    "nombre": "Tienda de Mascotas",
    "descripcion": "Proyecto de una pagina web de una tienda de mascotas. (este se finaliza, debo agregar otros sprints por el burndown chart)",
    "fechaInicio": "2022-11-04T02:27:45.455Z",
    "fechaFin": null,
    "scrumMaster": [
      "arturojara1999@gmail.com"
    ],
    "estado": "iniciado",
    "motivCancelacion": null
  }
},
{
  "model": "proyectos.participante",
  "pk": 1,
  "fields": {
    "proyecto": 1,
    "usuario": [
      "arturojara1999@gmail.com"
    ]
  }
},
{
  "model": "proyectos.participante",
  "pk": 2,
  "fields": {
    "proyecto": 2,
    "usuario": [
      "arturojara1999@gmail.com"
    ]
  }
},
{
  "model": "proyectos.participante",
  "pk": 3,
  "fields": {
    "proyecto": 3,
    "usuario": [
      "arturojara1999@gmail.com"
    ]
  }
},
{
  "model": "proyectos.participante",
  "pk": 4,
  "fields": {
    "proyecto": 1,
    "usuario": [
      "arturojara1999@fpuna.edu.py"
    ]
  }
},
{
  "model": "proyectos.participante",
  "pk": 5,
  "fields": {
    "proyecto": 1,
    "usuario": [
      "arturojeich@gmail.com"
    ]
  }
},
{
  "model": "proyectos.participante",
  "pk": 6,
  "fields": {
    "proyecto": 1,
    "usuario": [
      "guillepaivag@gmail.com"
    ]
  }
},
{
  "model": "proyectos.participante",
  "pk": 7,
  "fields": {
    "proyecto": 1,
    "usuario": [
      "jessicala182@gmail.com"
    ]
  }
},
{
  "model": "proyectos.participante",
  "pk": 8,
  "fields": {
    "proyecto": 1,
    "usuario": [
      "alejandroadorno00@fpuna.edu.py"
    ]
  }
},
{
  "model": "proyectos.participante",
  "pk": 9,
  "fields": {
    "proyecto": 2,
    "usuario": [
      "arturojara1999@fpuna.edu.py"
    ]
  }
},
{
  "model": "proyectos.participante",
  "pk": 10,
  "fields": {
    "proyecto": 2,
    "usuario": [
      "arturojeich@gmail.com"
    ]
  }
},
{
  "model": "proyectos.participante",
  "pk": 11,
  "fields": {
    "proyecto": 2,
    "usuario": [
      "guillepaivag@gmail.com"
    ]
  }
},
{
  "model": "proyectos.participante",
  "pk": 12,
  "fields": {
    "proyecto": 2,
    "usuario": [
      "jessicala182@gmail.com"
    ]
  }
},
{
  "model": "proyectos.participante",
  "pk": 13,
  "fields": {
    "proyecto": 2,
    "usuario": [
      "alejandroadorno00@fpuna.edu.py"
    ]
  }
},
{
  "model": "proyectos.participante",
  "pk": 14,
  "fields": {
    "proyecto": 3,
    "usuario": [
      "arturojara1999@fpuna.edu.py"
    ]
  }
},
{
  "model": "proyectos.participante",
  "pk": 15,
  "fields": {
    "proyecto": 3,
    "usuario": [
      "arturojeich@gmail.com"
    ]
  }
},
{
  "model": "proyectos.participante",
  "pk": 16,
  "fields": {
    "proyecto": 3,
    "usuario": [
      "guillepaivag@gmail.com"
    ]
  }
},
{
  "model": "proyectos.participante",
  "pk": 17,
  "fields": {
    "proyecto": 3,
    "usuario": [
      "jessicala182@gmail.com"
    ]
  }
},
{
  "model": "proyectos.participante",
  "pk": 18,
  "fields": {
    "proyecto": 3,
    "usuario": [
      "alejandroadorno00@fpuna.edu.py"
    ]
  }
},
{
  "model": "historiasDeUsuario_proyecto.historicalhistoriausuario",
  "pk": 1,
  "fields": {
    "id": 1,
    "nombre": "Historia 1",
    "descripcion": "Descripcion 1",
    "prioridad_tecnica": 10,
    "prioridad_negocio": 10,
    "estimacion_horas": 45,
    "horas_trabajadas": null,
    "prioridad_final": 10,
    "estado": null,
    "sprints_trabajados": null,
    "tipo_historia_usuario": 1,
    "desarrollador_asignado": null,
    "proyecto": 1,
    "history_date": "2022-11-04T01:38:50.414Z",
    "history_change_reason": "Creado",
    "history_type": "+",
    "history_user": [
      "arturojara1999@gmail.com"
    ]
  }
},
{
  "model": "historiasDeUsuario_proyecto.historicalhistoriausuario",
  "pk": 2,
  "fields": {
    "id": 2,
    "nombre": "Historia 2",
    "descripcion": "Descripcion 2",
    "prioridad_tecnica": 7,
    "prioridad_negocio": 9,
    "estimacion_horas": 15,
    "horas_trabajadas": null,
    "prioridad_final": 8,
    "estado": null,
    "sprints_trabajados": null,
    "tipo_historia_usuario": 1,
    "desarrollador_asignado": null,
    "proyecto": 1,
    "history_date": "2022-11-04T01:38:52.229Z",
    "history_change_reason": "Creado",
    "history_type": "+",
    "history_user": [
      "arturojara1999@gmail.com"
    ]
  }
},
{
  "model": "historiasDeUsuario_proyecto.historicalhistoriausuario",
  "pk": 3,
  "fields": {
    "id": 3,
    "nombre": "Historia 3",
    "descripcion": "Descripcion 3",
    "prioridad_tecnica": 4,
    "prioridad_negocio": 5,
    "estimacion_horas": 10,
    "horas_trabajadas": null,
    "prioridad_final": 5,
    "estado": null,
    "sprints_trabajados": null,
    "tipo_historia_usuario": 2,
    "desarrollador_asignado": null,
    "proyecto": 1,
    "history_date": "2022-11-04T01:38:54.036Z",
    "history_change_reason": "Creado",
    "history_type": "+",
    "history_user": [
      "arturojara1999@gmail.com"
    ]
  }
},
{
  "model": "historiasDeUsuario_proyecto.historicalhistoriausuario",
  "pk": 4,
  "fields": {
    "id": 4,
    "nombre": "Historia 4",
    "descripcion": "Descripcion 4",
    "prioridad_tecnica": 3,
    "prioridad_negocio": 7,
    "estimacion_horas": 23,
    "horas_trabajadas": null,
    "prioridad_final": 5,
    "estado": null,
    "sprints_trabajados": null,
    "tipo_historia_usuario": 2,
    "desarrollador_asignado": null,
    "proyecto": 1,
    "history_date": "2022-11-04T01:38:55.945Z",
    "history_change_reason": "Creado",
    "history_type": "+",
    "history_user": [
      "arturojara1999@gmail.com"
    ]
  }
},
{
  "model": "historiasDeUsuario_proyecto.historicalhistoriausuario",
  "pk": 5,
  "fields": {
    "id": 5,
    "nombre": "Historia 5",
    "descripcion": "Descripcion 5",
    "prioridad_tecnica": 7,
    "prioridad_negocio": 9,
    "estimacion_horas": 10,
    "horas_trabajadas": null,
    "prioridad_final": 8,
    "estado": null,
    "sprints_trabajados": null,
    "tipo_historia_usuario": 2,
    "desarrollador_asignado": null,
    "proyecto": 1,
    "history_date": "2022-11-04T01:38:57.747Z",
    "history_change_reason": "Creado",
    "history_type": "+",
    "history_user": [
      "arturojara1999@gmail.com"
    ]
  }
},
{
  "model": "historiasDeUsuario_proyecto.historicalhistoriausuario",
  "pk": 6,
  "fields": {
    "id": 6,
    "nombre": "Historia 6",
    "descripcion": "Descripcion 6",
    "prioridad_tecnica": 5,
    "prioridad_negocio": 4,
    "estimacion_horas": 8,
    "horas_trabajadas": null,
    "prioridad_final": 4,
    "estado": null,
    "sprints_trabajados": null,
    "tipo_historia_usuario": 2,
    "desarrollador_asignado": null,
    "proyecto": 1,
    "history_date": "2022-11-04T01:38:59.532Z",
    "history_change_reason": "Creado",
    "history_type": "+",
    "history_user": [
      "arturojara1999@gmail.com"
    ]
  }
},
{
  "model": "historiasDeUsuario_proyecto.historicalhistoriausuario",
  "pk": 7,
  "fields": {
    "id": 7,
    "nombre": "Historia 7",
    "descripcion": "Descripcion 7",
    "prioridad_tecnica": 10,
    "prioridad_negocio": 10,
    "estimacion_horas": 17,
    "horas_trabajadas": null,
    "prioridad_final": 10,
    "estado": null,
    "sprints_trabajados": null,
    "tipo_historia_usuario": 3,
    "desarrollador_asignado": null,
    "proyecto": 1,
    "history_date": "2022-11-04T01:39:01.339Z",
    "history_change_reason": "Creado",
    "history_type": "+",
    "history_user": [
      "arturojara1999@gmail.com"
    ]
  }
},
{
  "model": "historiasDeUsuario_proyecto.historicalhistoriausuario",
  "pk": 8,
  "fields": {
    "id": 8,
    "nombre": "Historia 8",
    "descripcion": "Descripcion 8",
    "prioridad_tecnica": 3,
    "prioridad_negocio": 1,
    "estimacion_horas": 3,
    "horas_trabajadas": null,
    "prioridad_final": 2,
    "estado": null,
    "sprints_trabajados": null,
    "tipo_historia_usuario": 1,
    "desarrollador_asignado": null,
    "proyecto": 1,
    "history_date": "2022-11-04T01:39:03.063Z",
    "history_change_reason": "Creado",
    "history_type": "+",
    "history_user": [
      "arturojara1999@gmail.com"
    ]
  }
},
{
  "model": "historiasDeUsuario_proyecto.historicalhistoriausuario",
  "pk": 9,
  "fields": {
    "id": 9,
    "nombre": "Historia 9",
    "descripcion": "Descripcion 9",
    "prioridad_tecnica": 7,
    "prioridad_negocio": 8,
    "estimacion_horas": 14,
    "horas_trabajadas": null,
    "prioridad_final": 8,
    "estado": null,
    "sprints_trabajados": null,
    "tipo_historia_usuario": 3,
    "desarrollador_asignado": null,
    "proyecto": 1,
    "history_date": "2022-11-04T01:39:04.919Z",
    "history_change_reason": "Creado",
    "history_type": "+",
    "history_user": [
      "arturojara1999@gmail.com"
    ]
  }
},
{
  "model": "historiasDeUsuario_proyecto.historicalhistoriausuario",
  "pk": 10,
  "fields": {
    "id": 10,
    "nombre": "Historia 10",
    "descripcion": "Descripcion 10",
    "prioridad_tecnica": 2,
    "prioridad_negocio": 10,
    "estimacion_horas": 15,
    "horas_trabajadas": null,
    "prioridad_final": 7,
    "estado": null,
    "sprints_trabajados": null,
    "tipo_historia_usuario": 3,
    "desarrollador_asignado": null,
    "proyecto": 1,
    "history_date": "2022-11-04T01:39:06.727Z",
    "history_change_reason": "Creado",
    "history_type": "+",
    "history_user": [
      "arturojara1999@gmail.com"
    ]
  }
},
{
  "model": "historiasDeUsuario_proyecto.historicalhistoriausuario",
  "pk": 11,
  "fields": {
    "id": 11,
    "nombre": "Historia 11",
    "descripcion": "Descripcion 11",
    "prioridad_tecnica": 3,
    "prioridad_negocio": 3,
    "estimacion_horas": 5,
    "horas_trabajadas": null,
    "prioridad_final": 3,
    "estado": null,
    "sprints_trabajados": null,
    "tipo_historia_usuario": 5,
    "desarrollador_asignado": null,
    "proyecto": 2,
    "history_date": "2022-11-04T01:39:08.566Z",
    "history_change_reason": "Creado",
    "history_type": "+",
    "history_user": [
      "arturojara1999@gmail.com"
    ]
  }
},
{
  "model": "historiasDeUsuario_proyecto.historicalhistoriausuario",
  "pk": 12,
  "fields": {
    "id": 12,
    "nombre": "Historia 12",
    "descripcion": "Descripcion 12",
    "prioridad_tecnica": 10,
    "prioridad_negocio": 4,
    "estimacion_horas": 3,
    "horas_trabajadas": null,
    "prioridad_final": 6,
    "estado": null,
    "sprints_trabajados": null,
    "tipo_historia_usuario": 5,
    "desarrollador_asignado": null,
    "proyecto": 2,
    "history_date": "2022-11-04T01:39:10.265Z",
    "history_change_reason": "Creado",
    "history_type": "+",
    "history_user": [
      "arturojara1999@gmail.com"
    ]
  }
},
{
  "model": "historiasDeUsuario_proyecto.historicalhistoriausuario",
  "pk": 13,
  "fields": {
    "id": 13,
    "nombre": "Historia 13",
    "descripcion": "Descripcion 13",
    "prioridad_tecnica": 5,
    "prioridad_negocio": 2,
    "estimacion_horas": 2,
    "horas_trabajadas": null,
    "prioridad_final": 3,
    "estado": null,
    "sprints_trabajados": null,
    "tipo_historia_usuario": 5,
    "desarrollador_asignado": null,
    "proyecto": 2,
    "history_date": "2022-11-04T01:39:12.009Z",
    "history_change_reason": "Creado",
    "history_type": "+",
    "history_user": [
      "arturojara1999@gmail.com"
    ]
  }
},
{
  "model": "historiasDeUsuario_proyecto.historicalhistoriausuario",
  "pk": 14,
  "fields": {
    "id": 14,
    "nombre": "Historia 14",
    "descripcion": "Descripcion 14",
    "prioridad_tecnica": 10,
    "prioridad_negocio": 2,
    "estimacion_horas": 20,
    "horas_trabajadas": null,
    "prioridad_final": 5,
    "estado": null,
    "sprints_trabajados": null,
    "tipo_historia_usuario": 6,
    "desarrollador_asignado": null,
    "proyecto": 2,
    "history_date": "2022-11-04T01:39:13.726Z",
    "history_change_reason": "Creado",
    "history_type": "+",
    "history_user": [
      "arturojara1999@gmail.com"
    ]
  }
},
{
  "model": "historiasDeUsuario_proyecto.historicalhistoriausuario",
  "pk": 15,
  "fields": {
    "id": 15,
    "nombre": "Historia 15",
    "descripcion": "Descripcion 15",
    "prioridad_tecnica": 10,
    "prioridad_negocio": 2,
    "estimacion_horas": 3,
    "horas_trabajadas": null,
    "prioridad_final": 5,
    "estado": null,
    "sprints_trabajados": null,
    "tipo_historia_usuario": 6,
    "desarrollador_asignado": null,
    "proyecto": 2,
    "history_date": "2022-11-04T01:39:15.463Z",
    "history_change_reason": "Creado",
    "history_type": "+",
    "history_user": [
      "arturojara1999@gmail.com"
    ]
  }
},
{
  "model": "historiasDeUsuario_proyecto.historicalhistoriausuario",
  "pk": 16,
  "fields": {
    "id": 16,
    "nombre": "Historia 16",
    "descripcion": "Descripcion 16",
    "prioridad_tecnica": 6,
    "prioridad_negocio": 7,
    "estimacion_horas": 30,
    "horas_trabajadas": null,
    "prioridad_final": 7,
    "estado": null,
    "sprints_trabajados": null,
    "tipo_historia_usuario": 4,
    "desarrollador_asignado": null,
    "proyecto": 2,
    "history_date": "2022-11-04T01:39:17.459Z",
    "history_change_reason": "Creado",
    "history_type": "+",
    "history_user": [
      "arturojara1999@gmail.com"
    ]
  }
},
{
  "model": "historiasDeUsuario_proyecto.historicalhistoriausuario",
  "pk": 17,
  "fields": {
    "id": 17,
    "nombre": "Historia 17",
    "descripcion": "Descripcion 17",
    "prioridad_tecnica": 4,
    "prioridad_negocio": 10,
    "estimacion_horas": 10,
    "horas_trabajadas": null,
    "prioridad_final": 8,
    "estado": null,
    "sprints_trabajados": null,
    "tipo_historia_usuario": 3,
    "desarrollador_asignado": null,
    "proyecto": 2,
    "history_date": "2022-11-04T01:39:19.191Z",
    "history_change_reason": "Creado",
    "history_type": "+",
    "history_user": [
      "arturojara1999@gmail.com"
    ]
  }
},
{
  "model": "historiasDeUsuario_proyecto.historicalhistoriausuario",
  "pk": 18,
  "fields": {
    "id": 18,
    "nombre": "Historia 18",
    "descripcion": "Descripcion 18",
    "prioridad_tecnica": 4,
    "prioridad_negocio": 10,
    "estimacion_horas": 15,
    "horas_trabajadas": null,
    "prioridad_final": 8,
    "estado": null,
    "sprints_trabajados": null,
    "tipo_historia_usuario": 8,
    "desarrollador_asignado": null,
    "proyecto": 3,
    "history_date": "2022-11-04T01:39:20.914Z",
    "history_change_reason": "Creado",
    "history_type": "+",
    "history_user": [
      "arturojara1999@gmail.com"
    ]
  }
},
{
  "model": "historiasDeUsuario_proyecto.historicalhistoriausuario",
  "pk": 19,
  "fields": {
    "id": 19,
    "nombre": "Historia 19",
    "descripcion": "Descripcion 19",
    "prioridad_tecnica": 3,
    "prioridad_negocio": 10,
    "estimacion_horas": 15,
    "horas_trabajadas": null,
    "prioridad_final": 7,
    "estado": null,
    "sprints_trabajados": null,
    "tipo_historia_usuario": 8,
    "desarrollador_asignado": null,
    "proyecto": 3,
    "history_date": "2022-11-04T01:39:22.629Z",
    "history_change_reason": "Creado",
    "history_type": "+",
    "history_user": [
      "arturojara1999@gmail.com"
    ]
  }
},
{
  "model": "historiasDeUsuario_proyecto.historicalhistoriausuario",
  "pk": 20,
  "fields": {
    "id": 20,
    "nombre": "Historia 20",
    "descripcion": "Descripcion 20",
    "prioridad_tecnica": 4,
    "prioridad_negocio": 10,
    "estimacion_horas": 15,
    "horas_trabajadas": null,
    "prioridad_final": 8,
    "estado": null,
    "sprints_trabajados": null,
    "tipo_historia_usuario": 7,
    "desarrollador_asignado": null,
    "proyecto": 3,
    "history_date": "2022-11-04T01:39:24.331Z",
    "history_change_reason": "Creado",
    "history_type": "+",
    "history_user": [
      "arturojara1999@gmail.com"
    ]
  }
},
{
  "model": "historiasDeUsuario_proyecto.historicalhistoriausuario",
  "pk": 21,
  "fields": {
    "id": 21,
    "nombre": "Historia 21",
    "descripcion": "Descripcion 21",
    "prioridad_tecnica": 3,
    "prioridad_negocio": 10,
    "estimacion_horas": 15,
    "horas_trabajadas": null,
    "prioridad_final": 7,
    "estado": null,
    "sprints_trabajados": null,
    "tipo_historia_usuario": 8,
    "desarrollador_asignado": null,
    "proyecto": 3,
    "history_date": "2022-11-04T01:39:26.115Z",
    "history_change_reason": "Creado",
    "history_type": "+",
    "history_user": [
      "arturojara1999@gmail.com"
    ]
  }
},
{
  "model": "historiasDeUsuario_proyecto.historicalhistoriausuario",
  "pk": 22,
  "fields": {
    "id": 22,
    "nombre": "Historia 22",
    "descripcion": "Descripcion 22",
    "prioridad_tecnica": 3,
    "prioridad_negocio": 10,
    "estimacion_horas": 15,
    "horas_trabajadas": null,
    "prioridad_final": 7,
    "estado": null,
    "sprints_trabajados": null,
    "tipo_historia_usuario": 7,
    "desarrollador_asignado": null,
    "proyecto": 3,
    "history_date": "2022-11-04T01:39:27.849Z",
    "history_change_reason": "Creado",
    "history_type": "+",
    "history_user": [
      "arturojara1999@gmail.com"
    ]
  }
},
{
  "model": "historiasDeUsuario_proyecto.historicalhistoriausuario",
  "pk": 23,
  "fields": {
    "id": 23,
    "nombre": "Historia 23",
    "descripcion": "Descripcion 23",
    "prioridad_tecnica": 3,
    "prioridad_negocio": 10,
    "estimacion_horas": 15,
    "horas_trabajadas": null,
    "prioridad_final": 7,
    "estado": null,
    "sprints_trabajados": null,
    "tipo_historia_usuario": 8,
    "desarrollador_asignado": null,
    "proyecto": 3,
    "history_date": "2022-11-04T01:39:29.614Z",
    "history_change_reason": "Creado",
    "history_type": "+",
    "history_user": [
      "arturojara1999@gmail.com"
    ]
  }
},
{
  "model": "historiasDeUsuario_proyecto.historicalhistoriausuario",
  "pk": 24,
  "fields": {
    "id": 24,
    "nombre": "Historia Nueva",
    "descripcion": "Descripcion Nueva",
    "prioridad_tecnica": 10,
    "prioridad_negocio": 10,
    "estimacion_horas": 12,
    "horas_trabajadas": null,
    "prioridad_final": 10,
    "estado": null,
    "sprints_trabajados": null,
    "tipo_historia_usuario": 7,
    "desarrollador_asignado": null,
    "proyecto": 3,
    "history_date": "2022-11-04T02:27:24.344Z",
    "history_change_reason": "Creado",
    "history_type": "+",
    "history_user": [
      "arturojara1999@gmail.com"
    ]
  }
},
{
  "model": "historiasDeUsuario_proyecto.historicalhistoriausuario",
  "pk": 25,
  "fields": {
    "id": 24,
    "nombre": "Historia Nueva",
    "descripcion": "Descripcion Nueva",
    "prioridad_tecnica": 10,
    "prioridad_negocio": 10,
    "estimacion_horas": 12,
    "horas_trabajadas": null,
    "prioridad_final": 10,
    "estado": null,
    "sprints_trabajados": null,
    "tipo_historia_usuario": 7,
    "desarrollador_asignado": 15,
    "proyecto": 3,
    "history_date": "2022-11-04T02:28:18.054Z",
    "history_change_reason": "Actualizado",
    "history_type": "~",
    "history_user": [
      "arturojara1999@gmail.com"
    ]
  }
},
{
  "model": "historiasDeUsuario_proyecto.historicalhistoriausuario",
  "pk": 26,
  "fields": {
    "id": 20,
    "nombre": "Historia 20",
    "descripcion": "Descripcion 20",
    "prioridad_tecnica": 4,
    "prioridad_negocio": 10,
    "estimacion_horas": 15,
    "horas_trabajadas": null,
    "prioridad_final": 8,
    "estado": null,
    "sprints_trabajados": null,
    "tipo_historia_usuario": 7,
    "desarrollador_asignado": 14,
    "proyecto": 3,
    "history_date": "2022-11-04T02:28:27.225Z",
    "history_change_reason": "Actualizado",
    "history_type": "~",
    "history_user": [
      "arturojara1999@gmail.com"
    ]
  }
},
{
  "model": "historiasDeUsuario_proyecto.historicalhistoriausuario",
  "pk": 27,
  "fields": {
    "id": 18,
    "nombre": "Historia 18",
    "descripcion": "Descripcion 18",
    "prioridad_tecnica": 4,
    "prioridad_negocio": 10,
    "estimacion_horas": 15,
    "horas_trabajadas": null,
    "prioridad_final": 8,
    "estado": null,
    "sprints_trabajados": null,
    "tipo_historia_usuario": 8,
    "desarrollador_asignado": 16,
    "proyecto": 3,
    "history_date": "2022-11-04T02:28:35.926Z",
    "history_change_reason": "Actualizado",
    "history_type": "~",
    "history_user": [
      "arturojara1999@gmail.com"
    ]
  }
},
{
  "model": "historiasDeUsuario_proyecto.historicalhistoriausuario",
  "pk": 28,
  "fields": {
    "id": 23,
    "nombre": "Historia 23",
    "descripcion": "Descripcion 23",
    "prioridad_tecnica": 3,
    "prioridad_negocio": 10,
    "estimacion_horas": 15,
    "horas_trabajadas": null,
    "prioridad_final": 7,
    "estado": null,
    "sprints_trabajados": null,
    "tipo_historia_usuario": 8,
    "desarrollador_asignado": 14,
    "proyecto": 3,
    "history_date": "2022-11-04T02:28:43.876Z",
    "history_change_reason": "Actualizado",
    "history_type": "~",
    "history_user": [
      "arturojara1999@gmail.com"
    ]
  }
},
{
  "model": "historiasDeUsuario_proyecto.historicalhistoriausuario",
  "pk": 29,
  "fields": {
    "id": 21,
    "nombre": "Historia 21",
    "descripcion": "Descripcion 21",
    "prioridad_tecnica": 3,
    "prioridad_negocio": 10,
    "estimacion_horas": 15,
    "horas_trabajadas": null,
    "prioridad_final": 7,
    "estado": null,
    "sprints_trabajados": null,
    "tipo_historia_usuario": 8,
    "desarrollador_asignado": 14,
    "proyecto": 3,
    "history_date": "2022-11-04T02:28:50.481Z",
    "history_change_reason": "Actualizado",
    "history_type": "~",
    "history_user": [
      "arturojara1999@gmail.com"
    ]
  }
},
{
  "model": "historiasDeUsuario_proyecto.historicalhistoriausuario",
  "pk": 30,
  "fields": {
    "id": 19,
    "nombre": "Historia 19",
    "descripcion": "Descripcion 19",
    "prioridad_tecnica": 3,
    "prioridad_negocio": 10,
    "estimacion_horas": 15,
    "horas_trabajadas": null,
    "prioridad_final": 7,
    "estado": null,
    "sprints_trabajados": null,
    "tipo_historia_usuario": 8,
    "desarrollador_asignado": 15,
    "proyecto": 3,
    "history_date": "2022-11-04T02:28:56.140Z",
    "history_change_reason": "Actualizado",
    "history_type": "~",
    "history_user": [
      "arturojara1999@gmail.com"
    ]
  }
},
{
  "model": "historiasDeUsuario_proyecto.historicalhistoriausuario",
  "pk": 31,
  "fields": {
    "id": 22,
    "nombre": "Historia 22",
    "descripcion": "Descripcion 22",
    "prioridad_tecnica": 3,
    "prioridad_negocio": 10,
    "estimacion_horas": 15,
    "horas_trabajadas": null,
    "prioridad_final": 7,
    "estado": null,
    "sprints_trabajados": null,
    "tipo_historia_usuario": 7,
    "desarrollador_asignado": 15,
    "proyecto": 3,
    "history_date": "2022-11-04T02:29:03.202Z",
    "history_change_reason": "Actualizado",
    "history_type": "~",
    "history_user": [
      "arturojara1999@gmail.com"
    ]
  }
},
{
  "model": "historiasDeUsuario_proyecto.historicalhistoriausuario",
  "pk": 32,
  "fields": {
    "id": 24,
    "nombre": "Historia Nueva",
    "descripcion": "Descripcion Nueva",
    "prioridad_tecnica": 10,
    "prioridad_negocio": 10,
    "estimacion_horas": 12,
    "horas_trabajadas": 3,
    "prioridad_final": 10,
    "estado": null,
    "sprints_trabajados": null,
    "tipo_historia_usuario": 7,
    "desarrollador_asignado": 15,
    "proyecto": 3,
    "history_date": "2022-11-04T02:30:13.980Z",
    "history_change_reason": "Actividad Agregada",
    "history_type": "~",
    "history_user": null
  }
},
{
  "model": "historiasDeUsuario_proyecto.historicalhistoriausuario",
  "pk": 33,
  "fields": {
    "id": 24,
    "nombre": "Historia Nueva",
    "descripcion": "Descripcion Nueva",
    "prioridad_tecnica": 10,
    "prioridad_negocio": 10,
    "estimacion_horas": 12,
    "horas_trabajadas": 3,
    "prioridad_final": 10,
    "estado": null,
    "sprints_trabajados": null,
    "tipo_historia_usuario": 7,
    "desarrollador_asignado": 15,
    "proyecto": 3,
    "history_date": "2022-11-04T02:30:14.002Z",
    "history_change_reason": null,
    "history_type": "~",
    "history_user": null
  }
},
{
  "model": "historiasDeUsuario_proyecto.historicalhistoriausuario",
  "pk": 34,
  "fields": {
    "id": 24,
    "nombre": "Historia Nueva",
    "descripcion": "Descripcion Nueva",
    "prioridad_tecnica": 10,
    "prioridad_negocio": 10,
    "estimacion_horas": 12,
    "horas_trabajadas": 3,
    "prioridad_final": 10,
    "estado": "29",
    "sprints_trabajados": null,
    "tipo_historia_usuario": 7,
    "desarrollador_asignado": 15,
    "proyecto": 3,
    "history_date": "2022-11-04T02:30:14.175Z",
    "history_change_reason": "Actualizado",
    "history_type": "~",
    "history_user": [
      "arturojeich@gmail.com"
    ]
  }
},
{
  "model": "historiasDeUsuario_proyecto.historicalhistoriausuario",
  "pk": 35,
  "fields": {
    "id": 22,
    "nombre": "Historia 22",
    "descripcion": "Descripcion 22",
    "prioridad_tecnica": 3,
    "prioridad_negocio": 10,
    "estimacion_horas": 15,
    "horas_trabajadas": 5,
    "prioridad_final": 7,
    "estado": null,
    "sprints_trabajados": null,
    "tipo_historia_usuario": 7,
    "desarrollador_asignado": 15,
    "proyecto": 3,
    "history_date": "2022-11-04T02:30:45.045Z",
    "history_change_reason": "Actividad Agregada",
    "history_type": "~",
    "history_user": null
  }
},
{
  "model": "historiasDeUsuario_proyecto.historicalhistoriausuario",
  "pk": 36,
  "fields": {
    "id": 22,
    "nombre": "Historia 22",
    "descripcion": "Descripcion 22",
    "prioridad_tecnica": 3,
    "prioridad_negocio": 10,
    "estimacion_horas": 15,
    "horas_trabajadas": 5,
    "prioridad_final": 7,
    "estado": null,
    "sprints_trabajados": null,
    "tipo_historia_usuario": 7,
    "desarrollador_asignado": 15,
    "proyecto": 3,
    "history_date": "2022-11-04T02:30:45.065Z",
    "history_change_reason": null,
    "history_type": "~",
    "history_user": null
  }
},
{
  "model": "historiasDeUsuario_proyecto.historicalhistoriausuario",
  "pk": 37,
  "fields": {
    "id": 22,
    "nombre": "Historia 22",
    "descripcion": "Descripcion 22",
    "prioridad_tecnica": 3,
    "prioridad_negocio": 10,
    "estimacion_horas": 15,
    "horas_trabajadas": 5,
    "prioridad_final": 7,
    "estado": "29",
    "sprints_trabajados": null,
    "tipo_historia_usuario": 7,
    "desarrollador_asignado": 15,
    "proyecto": 3,
    "history_date": "2022-11-04T02:30:45.222Z",
    "history_change_reason": "Actualizado",
    "history_type": "~",
    "history_user": [
      "arturojeich@gmail.com"
    ]
  }
},
{
  "model": "historiasDeUsuario_proyecto.historicalhistoriausuario",
  "pk": 38,
  "fields": {
    "id": 24,
    "nombre": "Historia Nueva",
    "descripcion": "Descripcion Nueva",
    "prioridad_tecnica": 10,
    "prioridad_negocio": 10,
    "estimacion_horas": 12,
    "horas_trabajadas": 6,
    "prioridad_final": 10,
    "estado": "29",
    "sprints_trabajados": null,
    "tipo_historia_usuario": 7,
    "desarrollador_asignado": 15,
    "proyecto": 3,
    "history_date": "2022-11-04T02:31:26.657Z",
    "history_change_reason": "Actividad Agregada",
    "history_type": "~",
    "history_user": null
  }
},
{
  "model": "historiasDeUsuario_proyecto.historicalhistoriausuario",
  "pk": 39,
  "fields": {
    "id": 24,
    "nombre": "Historia Nueva",
    "descripcion": "Descripcion Nueva",
    "prioridad_tecnica": 10,
    "prioridad_negocio": 10,
    "estimacion_horas": 12,
    "horas_trabajadas": 6,
    "prioridad_final": 10,
    "estado": "29",
    "sprints_trabajados": null,
    "tipo_historia_usuario": 7,
    "desarrollador_asignado": 15,
    "proyecto": 3,
    "history_date": "2022-11-04T02:31:26.679Z",
    "history_change_reason": null,
    "history_type": "~",
    "history_user": null
  }
},
{
  "model": "historiasDeUsuario_proyecto.historicalhistoriausuario",
  "pk": 40,
  "fields": {
    "id": 24,
    "nombre": "Historia Nueva",
    "descripcion": "Descripcion Nueva",
    "prioridad_tecnica": 10,
    "prioridad_negocio": 10,
    "estimacion_horas": 12,
    "horas_trabajadas": 6,
    "prioridad_final": 10,
    "estado": "30",
    "sprints_trabajados": null,
    "tipo_historia_usuario": 7,
    "desarrollador_asignado": 15,
    "proyecto": 3,
    "history_date": "2022-11-04T02:31:26.801Z",
    "history_change_reason": "Actualizado",
    "history_type": "~",
    "history_user": [
      "arturojeich@gmail.com"
    ]
  }
},
{
  "model": "historiasDeUsuario_proyecto.historicalhistoriausuario",
  "pk": 41,
  "fields": {
    "id": 24,
    "nombre": "Historia Nueva",
    "descripcion": "Descripcion Nueva",
    "prioridad_tecnica": 10,
    "prioridad_negocio": 10,
    "estimacion_horas": 12,
    "horas_trabajadas": 12,
    "prioridad_final": 10,
    "estado": "30",
    "sprints_trabajados": null,
    "tipo_historia_usuario": 7,
    "desarrollador_asignado": 15,
    "proyecto": 3,
    "history_date": "2022-11-04T02:31:41.674Z",
    "history_change_reason": "Actividad Agregada",
    "history_type": "~",
    "history_user": null
  }
},
{
  "model": "historiasDeUsuario_proyecto.historicalhistoriausuario",
  "pk": 42,
  "fields": {
    "id": 24,
    "nombre": "Historia Nueva",
    "descripcion": "Descripcion Nueva",
    "prioridad_tecnica": 10,
    "prioridad_negocio": 10,
    "estimacion_horas": 12,
    "horas_trabajadas": 12,
    "prioridad_final": 10,
    "estado": "30",
    "sprints_trabajados": null,
    "tipo_historia_usuario": 7,
    "desarrollador_asignado": 15,
    "proyecto": 3,
    "history_date": "2022-11-04T02:31:41.702Z",
    "history_change_reason": null,
    "history_type": "~",
    "history_user": null
  }
},
{
  "model": "historiasDeUsuario_proyecto.historicalhistoriausuario",
  "pk": 43,
  "fields": {
    "id": 24,
    "nombre": "Historia Nueva",
    "descripcion": "Descripcion Nueva",
    "prioridad_tecnica": 10,
    "prioridad_negocio": 10,
    "estimacion_horas": 12,
    "horas_trabajadas": 12,
    "prioridad_final": 10,
    "estado": "31",
    "sprints_trabajados": null,
    "tipo_historia_usuario": 7,
    "desarrollador_asignado": 15,
    "proyecto": 3,
    "history_date": "2022-11-04T02:31:41.861Z",
    "history_change_reason": "Actualizado",
    "history_type": "~",
    "history_user": [
      "arturojeich@gmail.com"
    ]
  }
},
{
  "model": "historiasDeUsuario_proyecto.historicalhistoriausuario",
  "pk": 44,
  "fields": {
    "id": 24,
    "nombre": "Historia Nueva",
    "descripcion": "Descripcion Nueva",
    "prioridad_tecnica": 10,
    "prioridad_negocio": 10,
    "estimacion_horas": 12,
    "horas_trabajadas": 24,
    "prioridad_final": 10,
    "estado": "31",
    "sprints_trabajados": null,
    "tipo_historia_usuario": 7,
    "desarrollador_asignado": 15,
    "proyecto": 3,
    "history_date": "2022-11-04T02:31:59.312Z",
    "history_change_reason": "Actividad Agregada",
    "history_type": "~",
    "history_user": null
  }
},
{
  "model": "historiasDeUsuario_proyecto.historicalhistoriausuario",
  "pk": 45,
  "fields": {
    "id": 24,
    "nombre": "Historia Nueva",
    "descripcion": "Descripcion Nueva",
    "prioridad_tecnica": 10,
    "prioridad_negocio": 10,
    "estimacion_horas": 12,
    "horas_trabajadas": 24,
    "prioridad_final": 10,
    "estado": "31",
    "sprints_trabajados": null,
    "tipo_historia_usuario": 7,
    "desarrollador_asignado": 15,
    "proyecto": 3,
    "history_date": "2022-11-04T02:31:59.341Z",
    "history_change_reason": null,
    "history_type": "~",
    "history_user": null
  }
},
{
  "model": "historiasDeUsuario_proyecto.historicalhistoriausuario",
  "pk": 46,
  "fields": {
    "id": 24,
    "nombre": "Historia Nueva",
    "descripcion": "Descripcion Nueva",
    "prioridad_tecnica": 10,
    "prioridad_negocio": 10,
    "estimacion_horas": 12,
    "horas_trabajadas": 24,
    "prioridad_final": 10,
    "estado": "finalizada",
    "sprints_trabajados": null,
    "tipo_historia_usuario": 7,
    "desarrollador_asignado": 15,
    "proyecto": 3,
    "history_date": "2022-11-04T02:31:59.496Z",
    "history_change_reason": "Actualizado",
    "history_type": "~",
    "history_user": [
      "arturojeich@gmail.com"
    ]
  }
},
{
  "model": "historiasDeUsuario_proyecto.historicalhistoriausuario",
  "pk": 47,
  "fields": {
    "id": 22,
    "nombre": "Historia 22",
    "descripcion": "Descripcion 22",
    "prioridad_tecnica": 3,
    "prioridad_negocio": 10,
    "estimacion_horas": 15,
    "horas_trabajadas": 10,
    "prioridad_final": 7,
    "estado": "29",
    "sprints_trabajados": null,
    "tipo_historia_usuario": 7,
    "desarrollador_asignado": 15,
    "proyecto": 3,
    "history_date": "2022-11-04T02:32:11.026Z",
    "history_change_reason": "Actividad Agregada",
    "history_type": "~",
    "history_user": null
  }
},
{
  "model": "historiasDeUsuario_proyecto.historicalhistoriausuario",
  "pk": 48,
  "fields": {
    "id": 22,
    "nombre": "Historia 22",
    "descripcion": "Descripcion 22",
    "prioridad_tecnica": 3,
    "prioridad_negocio": 10,
    "estimacion_horas": 15,
    "horas_trabajadas": 10,
    "prioridad_final": 7,
    "estado": "29",
    "sprints_trabajados": null,
    "tipo_historia_usuario": 7,
    "desarrollador_asignado": 15,
    "proyecto": 3,
    "history_date": "2022-11-04T02:32:11.048Z",
    "history_change_reason": null,
    "history_type": "~",
    "history_user": null
  }
},
{
  "model": "historiasDeUsuario_proyecto.historicalhistoriausuario",
  "pk": 49,
  "fields": {
    "id": 22,
    "nombre": "Historia 22",
    "descripcion": "Descripcion 22",
    "prioridad_tecnica": 3,
    "prioridad_negocio": 10,
    "estimacion_horas": 15,
    "horas_trabajadas": 10,
    "prioridad_final": 7,
    "estado": "30",
    "sprints_trabajados": null,
    "tipo_historia_usuario": 7,
    "desarrollador_asignado": 15,
    "proyecto": 3,
    "history_date": "2022-11-04T02:32:11.174Z",
    "history_change_reason": "Actualizado",
    "history_type": "~",
    "history_user": [
      "arturojeich@gmail.com"
    ]
  }
},
{
  "model": "historiasDeUsuario_proyecto.historicalhistoriausuario",
  "pk": 50,
  "fields": {
    "id": 22,
    "nombre": "Historia 22",
    "descripcion": "Descripcion 22",
    "prioridad_tecnica": 3,
    "prioridad_negocio": 10,
    "estimacion_horas": 15,
    "horas_trabajadas": 20,
    "prioridad_final": 7,
    "estado": "30",
    "sprints_trabajados": null,
    "tipo_historia_usuario": 7,
    "desarrollador_asignado": 15,
    "proyecto": 3,
    "history_date": "2022-11-04T02:32:40.672Z",
    "history_change_reason": "Actividad Agregada",
    "history_type": "~",
    "history_user": null
  }
},
{
  "model": "historiasDeUsuario_proyecto.historicalhistoriausuario",
  "pk": 51,
  "fields": {
    "id": 22,
    "nombre": "Historia 22",
    "descripcion": "Descripcion 22",
    "prioridad_tecnica": 3,
    "prioridad_negocio": 10,
    "estimacion_horas": 15,
    "horas_trabajadas": 20,
    "prioridad_final": 7,
    "estado": "30",
    "sprints_trabajados": null,
    "tipo_historia_usuario": 7,
    "desarrollador_asignado": 15,
    "proyecto": 3,
    "history_date": "2022-11-04T02:32:40.716Z",
    "history_change_reason": null,
    "history_type": "~",
    "history_user": null
  }
},
{
  "model": "historiasDeUsuario_proyecto.historicalhistoriausuario",
  "pk": 52,
  "fields": {
    "id": 22,
    "nombre": "Historia 22",
    "descripcion": "Descripcion 22",
    "prioridad_tecnica": 3,
    "prioridad_negocio": 10,
    "estimacion_horas": 15,
    "horas_trabajadas": 20,
    "prioridad_final": 7,
    "estado": "31",
    "sprints_trabajados": null,
    "tipo_historia_usuario": 7,
    "desarrollador_asignado": 15,
    "proyecto": 3,
    "history_date": "2022-11-04T02:32:40.881Z",
    "history_change_reason": "Actualizado",
    "history_type": "~",
    "history_user": [
      "arturojeich@gmail.com"
    ]
  }
},
{
  "model": "historiasDeUsuario_proyecto.historicalhistoriausuario",
  "pk": 53,
  "fields": {
    "id": 22,
    "nombre": "Historia 22",
    "descripcion": "Descripcion 22",
    "prioridad_tecnica": 3,
    "prioridad_negocio": 10,
    "estimacion_horas": 15,
    "horas_trabajadas": 32,
    "prioridad_final": 7,
    "estado": "31",
    "sprints_trabajados": null,
    "tipo_historia_usuario": 7,
    "desarrollador_asignado": 15,
    "proyecto": 3,
    "history_date": "2022-11-04T02:33:01.099Z",
    "history_change_reason": "Actividad Agregada",
    "history_type": "~",
    "history_user": null
  }
},
{
  "model": "historiasDeUsuario_proyecto.historicalhistoriausuario",
  "pk": 54,
  "fields": {
    "id": 22,
    "nombre": "Historia 22",
    "descripcion": "Descripcion 22",
    "prioridad_tecnica": 3,
    "prioridad_negocio": 10,
    "estimacion_horas": 15,
    "horas_trabajadas": 32,
    "prioridad_final": 7,
    "estado": "31",
    "sprints_trabajados": null,
    "tipo_historia_usuario": 7,
    "desarrollador_asignado": 15,
    "proyecto": 3,
    "history_date": "2022-11-04T02:33:01.126Z",
    "history_change_reason": null,
    "history_type": "~",
    "history_user": null
  }
},
{
  "model": "historiasDeUsuario_proyecto.historicalhistoriausuario",
  "pk": 55,
  "fields": {
    "id": 22,
    "nombre": "Historia 22",
    "descripcion": "Descripcion 22",
    "prioridad_tecnica": 3,
    "prioridad_negocio": 10,
    "estimacion_horas": 15,
    "horas_trabajadas": 32,
    "prioridad_final": 7,
    "estado": "finalizada",
    "sprints_trabajados": null,
    "tipo_historia_usuario": 7,
    "desarrollador_asignado": 15,
    "proyecto": 3,
    "history_date": "2022-11-04T02:33:01.251Z",
    "history_change_reason": "Actualizado",
    "history_type": "~",
    "history_user": [
      "arturojeich@gmail.com"
    ]
  }
},
{
  "model": "historiasDeUsuario_proyecto.historicalhistoriausuario",
  "pk": 56,
  "fields": {
    "id": 19,
    "nombre": "Historia 19",
    "descripcion": "Descripcion 19",
    "prioridad_tecnica": 3,
    "prioridad_negocio": 10,
    "estimacion_horas": 15,
    "horas_trabajadas": 3,
    "prioridad_final": 7,
    "estado": null,
    "sprints_trabajados": null,
    "tipo_historia_usuario": 8,
    "desarrollador_asignado": 15,
    "proyecto": 3,
    "history_date": "2022-11-04T02:33:30Z",
    "history_change_reason": "Actividad Agregada",
    "history_type": "~",
    "history_user": null
  }
},
{
  "model": "historiasDeUsuario_proyecto.historicalhistoriausuario",
  "pk": 57,
  "fields": {
    "id": 19,
    "nombre": "Historia 19",
    "descripcion": "Descripcion 19",
    "prioridad_tecnica": 3,
    "prioridad_negocio": 10,
    "estimacion_horas": 15,
    "horas_trabajadas": 3,
    "prioridad_final": 7,
    "estado": null,
    "sprints_trabajados": null,
    "tipo_historia_usuario": 8,
    "desarrollador_asignado": 15,
    "proyecto": 3,
    "history_date": "2022-11-04T02:33:30.019Z",
    "history_change_reason": null,
    "history_type": "~",
    "history_user": null
  }
},
{
  "model": "historiasDeUsuario_proyecto.historicalhistoriausuario",
  "pk": 58,
  "fields": {
    "id": 19,
    "nombre": "Historia 19",
    "descripcion": "Descripcion 19",
    "prioridad_tecnica": 3,
    "prioridad_negocio": 10,
    "estimacion_horas": 15,
    "horas_trabajadas": 3,
    "prioridad_final": 7,
    "estado": "34",
    "sprints_trabajados": null,
    "tipo_historia_usuario": 8,
    "desarrollador_asignado": 15,
    "proyecto": 3,
    "history_date": "2022-11-04T02:33:30.150Z",
    "history_change_reason": "Actualizado",
    "history_type": "~",
    "history_user": [
      "arturojeich@gmail.com"
    ]
  }
},
{
  "model": "historiasDeUsuario_proyecto.historicalhistoriausuario",
  "pk": 59,
  "fields": {
    "id": 23,
    "nombre": "Historia 23",
    "descripcion": "Descripcion 23",
    "prioridad_tecnica": 3,
    "prioridad_negocio": 10,
    "estimacion_horas": 15,
    "horas_trabajadas": 3,
    "prioridad_final": 7,
    "estado": null,
    "sprints_trabajados": null,
    "tipo_historia_usuario": 8,
    "desarrollador_asignado": 14,
    "proyecto": 3,
    "history_date": "2022-11-04T02:35:40.120Z",
    "history_change_reason": "Actividad Agregada",
    "history_type": "~",
    "history_user": null
  }
},
{
  "model": "historiasDeUsuario_proyecto.historicalhistoriausuario",
  "pk": 60,
  "fields": {
    "id": 23,
    "nombre": "Historia 23",
    "descripcion": "Descripcion 23",
    "prioridad_tecnica": 3,
    "prioridad_negocio": 10,
    "estimacion_horas": 15,
    "horas_trabajadas": 3,
    "prioridad_final": 7,
    "estado": null,
    "sprints_trabajados": null,
    "tipo_historia_usuario": 8,
    "desarrollador_asignado": 14,
    "proyecto": 3,
    "history_date": "2022-11-04T02:35:40.140Z",
    "history_change_reason": null,
    "history_type": "~",
    "history_user": null
  }
},
{
  "model": "historiasDeUsuario_proyecto.historicalhistoriausuario",
  "pk": 61,
  "fields": {
    "id": 23,
    "nombre": "Historia 23",
    "descripcion": "Descripcion 23",
    "prioridad_tecnica": 3,
    "prioridad_negocio": 10,
    "estimacion_horas": 15,
    "horas_trabajadas": 3,
    "prioridad_final": 7,
    "estado": "34",
    "sprints_trabajados": null,
    "tipo_historia_usuario": 8,
    "desarrollador_asignado": 14,
    "proyecto": 3,
    "history_date": "2022-11-04T02:35:40.301Z",
    "history_change_reason": "Actualizado",
    "history_type": "~",
    "history_user": [
      "arturojara1999@fpuna.edu.py"
    ]
  }
},
{
  "model": "historiasDeUsuario_proyecto.historicalhistoriausuario",
  "pk": 62,
  "fields": {
    "id": 23,
    "nombre": "Historia 23",
    "descripcion": "Descripcion 23",
    "prioridad_tecnica": 3,
    "prioridad_negocio": 10,
    "estimacion_horas": 15,
    "horas_trabajadas": 6,
    "prioridad_final": 7,
    "estado": "34",
    "sprints_trabajados": null,
    "tipo_historia_usuario": 8,
    "desarrollador_asignado": 14,
    "proyecto": 3,
    "history_date": "2022-11-04T02:35:57.115Z",
    "history_change_reason": "Actividad Agregada",
    "history_type": "~",
    "history_user": null
  }
},
{
  "model": "historiasDeUsuario_proyecto.historicalhistoriausuario",
  "pk": 63,
  "fields": {
    "id": 23,
    "nombre": "Historia 23",
    "descripcion": "Descripcion 23",
    "prioridad_tecnica": 3,
    "prioridad_negocio": 10,
    "estimacion_horas": 15,
    "horas_trabajadas": 6,
    "prioridad_final": 7,
    "estado": "34",
    "sprints_trabajados": null,
    "tipo_historia_usuario": 8,
    "desarrollador_asignado": 14,
    "proyecto": 3,
    "history_date": "2022-11-04T02:35:57.135Z",
    "history_change_reason": null,
    "history_type": "~",
    "history_user": null
  }
},
{
  "model": "historiasDeUsuario_proyecto.historicalhistoriausuario",
  "pk": 64,
  "fields": {
    "id": 23,
    "nombre": "Historia 23",
    "descripcion": "Descripcion 23",
    "prioridad_tecnica": 3,
    "prioridad_negocio": 10,
    "estimacion_horas": 15,
    "horas_trabajadas": 6,
    "prioridad_final": 7,
    "estado": "35",
    "sprints_trabajados": null,
    "tipo_historia_usuario": 8,
    "desarrollador_asignado": 14,
    "proyecto": 3,
    "history_date": "2022-11-04T02:35:57.262Z",
    "history_change_reason": "Actualizado",
    "history_type": "~",
    "history_user": [
      "arturojara1999@fpuna.edu.py"
    ]
  }
},
{
  "model": "historiasDeUsuario_proyecto.historicalhistoriausuario",
  "pk": 65,
  "fields": {
    "id": 23,
    "nombre": "Historia 23",
    "descripcion": "Descripcion 23",
    "prioridad_tecnica": 3,
    "prioridad_negocio": 10,
    "estimacion_horas": 15,
    "horas_trabajadas": 12,
    "prioridad_final": 7,
    "estado": "35",
    "sprints_trabajados": null,
    "tipo_historia_usuario": 8,
    "desarrollador_asignado": 14,
    "proyecto": 3,
    "history_date": "2022-11-04T02:36:15.930Z",
    "history_change_reason": "Actividad Agregada",
    "history_type": "~",
    "history_user": null
  }
},
{
  "model": "historiasDeUsuario_proyecto.historicalhistoriausuario",
  "pk": 66,
  "fields": {
    "id": 23,
    "nombre": "Historia 23",
    "descripcion": "Descripcion 23",
    "prioridad_tecnica": 3,
    "prioridad_negocio": 10,
    "estimacion_horas": 15,
    "horas_trabajadas": 12,
    "prioridad_final": 7,
    "estado": "35",
    "sprints_trabajados": null,
    "tipo_historia_usuario": 8,
    "desarrollador_asignado": 14,
    "proyecto": 3,
    "history_date": "2022-11-04T02:36:15.958Z",
    "history_change_reason": null,
    "history_type": "~",
    "history_user": null
  }
},
{
  "model": "historiasDeUsuario_proyecto.historicalhistoriausuario",
  "pk": 67,
  "fields": {
    "id": 23,
    "nombre": "Historia 23",
    "descripcion": "Descripcion 23",
    "prioridad_tecnica": 3,
    "prioridad_negocio": 10,
    "estimacion_horas": 15,
    "horas_trabajadas": 12,
    "prioridad_final": 7,
    "estado": "36",
    "sprints_trabajados": null,
    "tipo_historia_usuario": 8,
    "desarrollador_asignado": 14,
    "proyecto": 3,
    "history_date": "2022-11-04T02:36:16.134Z",
    "history_change_reason": "Actualizado",
    "history_type": "~",
    "history_user": [
      "arturojara1999@fpuna.edu.py"
    ]
  }
},
{
  "model": "historiasDeUsuario_proyecto.historicalhistoriausuario",
  "pk": 68,
  "fields": {
    "id": 23,
    "nombre": "Historia 23",
    "descripcion": "Descripcion 23",
    "prioridad_tecnica": 3,
    "prioridad_negocio": 10,
    "estimacion_horas": 15,
    "horas_trabajadas": 24,
    "prioridad_final": 7,
    "estado": "36",
    "sprints_trabajados": null,
    "tipo_historia_usuario": 8,
    "desarrollador_asignado": 14,
    "proyecto": 3,
    "history_date": "2022-11-04T02:36:47.234Z",
    "history_change_reason": "Actividad Agregada",
    "history_type": "~",
    "history_user": null
  }
},
{
  "model": "historiasDeUsuario_proyecto.historicalhistoriausuario",
  "pk": 69,
  "fields": {
    "id": 23,
    "nombre": "Historia 23",
    "descripcion": "Descripcion 23",
    "prioridad_tecnica": 3,
    "prioridad_negocio": 10,
    "estimacion_horas": 15,
    "horas_trabajadas": 24,
    "prioridad_final": 7,
    "estado": "36",
    "sprints_trabajados": null,
    "tipo_historia_usuario": 8,
    "desarrollador_asignado": 14,
    "proyecto": 3,
    "history_date": "2022-11-04T02:36:47.268Z",
    "history_change_reason": null,
    "history_type": "~",
    "history_user": null
  }
},
{
  "model": "historiasDeUsuario_proyecto.historicalhistoriausuario",
  "pk": 70,
  "fields": {
    "id": 23,
    "nombre": "Historia 23",
    "descripcion": "Descripcion 23",
    "prioridad_tecnica": 3,
    "prioridad_negocio": 10,
    "estimacion_horas": 15,
    "horas_trabajadas": 24,
    "prioridad_final": 7,
    "estado": "37",
    "sprints_trabajados": null,
    "tipo_historia_usuario": 8,
    "desarrollador_asignado": 14,
    "proyecto": 3,
    "history_date": "2022-11-04T02:36:47.452Z",
    "history_change_reason": "Actualizado",
    "history_type": "~",
    "history_user": [
      "arturojara1999@fpuna.edu.py"
    ]
  }
},
{
  "model": "historiasDeUsuario_proyecto.historicalhistoriausuario",
  "pk": 71,
  "fields": {
    "id": 23,
    "nombre": "Historia 23",
    "descripcion": "Descripcion 23",
    "prioridad_tecnica": 3,
    "prioridad_negocio": 10,
    "estimacion_horas": 15,
    "horas_trabajadas": 31,
    "prioridad_final": 7,
    "estado": "37",
    "sprints_trabajados": null,
    "tipo_historia_usuario": 8,
    "desarrollador_asignado": 14,
    "proyecto": 3,
    "history_date": "2022-11-04T02:37:09.236Z",
    "history_change_reason": "Actividad Agregada",
    "history_type": "~",
    "history_user": null
  }
},
{
  "model": "historiasDeUsuario_proyecto.historicalhistoriausuario",
  "pk": 72,
  "fields": {
    "id": 23,
    "nombre": "Historia 23",
    "descripcion": "Descripcion 23",
    "prioridad_tecnica": 3,
    "prioridad_negocio": 10,
    "estimacion_horas": 15,
    "horas_trabajadas": 31,
    "prioridad_final": 7,
    "estado": "37",
    "sprints_trabajados": null,
    "tipo_historia_usuario": 8,
    "desarrollador_asignado": 14,
    "proyecto": 3,
    "history_date": "2022-11-04T02:37:09.269Z",
    "history_change_reason": null,
    "history_type": "~",
    "history_user": null
  }
},
{
  "model": "historiasDeUsuario_proyecto.historicalhistoriausuario",
  "pk": 73,
  "fields": {
    "id": 23,
    "nombre": "Historia 23",
    "descripcion": "Descripcion 23",
    "prioridad_tecnica": 3,
    "prioridad_negocio": 10,
    "estimacion_horas": 15,
    "horas_trabajadas": 31,
    "prioridad_final": 7,
    "estado": "38",
    "sprints_trabajados": null,
    "tipo_historia_usuario": 8,
    "desarrollador_asignado": 14,
    "proyecto": 3,
    "history_date": "2022-11-04T02:37:09.465Z",
    "history_change_reason": "Actualizado",
    "history_type": "~",
    "history_user": [
      "arturojara1999@fpuna.edu.py"
    ]
  }
},
{
  "model": "historiasDeUsuario_proyecto.historicalhistoriausuario",
  "pk": 74,
  "fields": {
    "id": 23,
    "nombre": "Historia 23",
    "descripcion": "Descripcion 23",
    "prioridad_tecnica": 3,
    "prioridad_negocio": 10,
    "estimacion_horas": 15,
    "horas_trabajadas": 33,
    "prioridad_final": 7,
    "estado": "38",
    "sprints_trabajados": null,
    "tipo_historia_usuario": 8,
    "desarrollador_asignado": 14,
    "proyecto": 3,
    "history_date": "2022-11-04T02:37:31.666Z",
    "history_change_reason": "Actividad Agregada",
    "history_type": "~",
    "history_user": null
  }
},
{
  "model": "historiasDeUsuario_proyecto.historicalhistoriausuario",
  "pk": 75,
  "fields": {
    "id": 23,
    "nombre": "Historia 23",
    "descripcion": "Descripcion 23",
    "prioridad_tecnica": 3,
    "prioridad_negocio": 10,
    "estimacion_horas": 15,
    "horas_trabajadas": 33,
    "prioridad_final": 7,
    "estado": "38",
    "sprints_trabajados": null,
    "tipo_historia_usuario": 8,
    "desarrollador_asignado": 14,
    "proyecto": 3,
    "history_date": "2022-11-04T02:37:31.711Z",
    "history_change_reason": null,
    "history_type": "~",
    "history_user": null
  }
},
{
  "model": "historiasDeUsuario_proyecto.historicalhistoriausuario",
  "pk": 76,
  "fields": {
    "id": 23,
    "nombre": "Historia 23",
    "descripcion": "Descripcion 23",
    "prioridad_tecnica": 3,
    "prioridad_negocio": 10,
    "estimacion_horas": 15,
    "horas_trabajadas": 33,
    "prioridad_final": 7,
    "estado": "finalizada",
    "sprints_trabajados": null,
    "tipo_historia_usuario": 8,
    "desarrollador_asignado": 14,
    "proyecto": 3,
    "history_date": "2022-11-04T02:37:31.910Z",
    "history_change_reason": "Actualizado",
    "history_type": "~",
    "history_user": [
      "arturojara1999@fpuna.edu.py"
    ]
  }
},
{
  "model": "historiasDeUsuario_proyecto.historicalhistoriausuario",
  "pk": 77,
  "fields": {
    "id": 21,
    "nombre": "Historia 21",
    "descripcion": "Descripcion 21",
    "prioridad_tecnica": 3,
    "prioridad_negocio": 10,
    "estimacion_horas": 15,
    "horas_trabajadas": 1,
    "prioridad_final": 7,
    "estado": null,
    "sprints_trabajados": null,
    "tipo_historia_usuario": 8,
    "desarrollador_asignado": 14,
    "proyecto": 3,
    "history_date": "2022-11-04T02:37:44.533Z",
    "history_change_reason": "Actividad Agregada",
    "history_type": "~",
    "history_user": null
  }
},
{
  "model": "historiasDeUsuario_proyecto.historicalhistoriausuario",
  "pk": 78,
  "fields": {
    "id": 21,
    "nombre": "Historia 21",
    "descripcion": "Descripcion 21",
    "prioridad_tecnica": 3,
    "prioridad_negocio": 10,
    "estimacion_horas": 15,
    "horas_trabajadas": 1,
    "prioridad_final": 7,
    "estado": null,
    "sprints_trabajados": null,
    "tipo_historia_usuario": 8,
    "desarrollador_asignado": 14,
    "proyecto": 3,
    "history_date": "2022-11-04T02:37:44.554Z",
    "history_change_reason": null,
    "history_type": "~",
    "history_user": null
  }
},
{
  "model": "historiasDeUsuario_proyecto.historicalhistoriausuario",
  "pk": 79,
  "fields": {
    "id": 21,
    "nombre": "Historia 21",
    "descripcion": "Descripcion 21",
    "prioridad_tecnica": 3,
    "prioridad_negocio": 10,
    "estimacion_horas": 15,
    "horas_trabajadas": 1,
    "prioridad_final": 7,
    "estado": "34",
    "sprints_trabajados": null,
    "tipo_historia_usuario": 8,
    "desarrollador_asignado": 14,
    "proyecto": 3,
    "history_date": "2022-11-04T02:37:44.724Z",
    "history_change_reason": "Actualizado",
    "history_type": "~",
    "history_user": [
      "arturojara1999@fpuna.edu.py"
    ]
  }
},
{
  "model": "historiasDeUsuario_proyecto.historicalhistoriausuario",
  "pk": 80,
  "fields": {
    "id": 21,
    "nombre": "Historia 21",
    "descripcion": "Descripcion 21",
    "prioridad_tecnica": 3,
    "prioridad_negocio": 10,
    "estimacion_horas": 15,
    "horas_trabajadas": 2,
    "prioridad_final": 7,
    "estado": "34",
    "sprints_trabajados": null,
    "tipo_historia_usuario": 8,
    "desarrollador_asignado": 14,
    "proyecto": 3,
    "history_date": "2022-11-04T02:37:56.032Z",
    "history_change_reason": "Actividad Agregada",
    "history_type": "~",
    "history_user": null
  }
},
{
  "model": "historiasDeUsuario_proyecto.historicalhistoriausuario",
  "pk": 81,
  "fields": {
    "id": 21,
    "nombre": "Historia 21",
    "descripcion": "Descripcion 21",
    "prioridad_tecnica": 3,
    "prioridad_negocio": 10,
    "estimacion_horas": 15,
    "horas_trabajadas": 2,
    "prioridad_final": 7,
    "estado": "34",
    "sprints_trabajados": null,
    "tipo_historia_usuario": 8,
    "desarrollador_asignado": 14,
    "proyecto": 3,
    "history_date": "2022-11-04T02:37:56.064Z",
    "history_change_reason": null,
    "history_type": "~",
    "history_user": null
  }
},
{
  "model": "historiasDeUsuario_proyecto.historicalhistoriausuario",
  "pk": 82,
  "fields": {
    "id": 21,
    "nombre": "Historia 21",
    "descripcion": "Descripcion 21",
    "prioridad_tecnica": 3,
    "prioridad_negocio": 10,
    "estimacion_horas": 15,
    "horas_trabajadas": 2,
    "prioridad_final": 7,
    "estado": "35",
    "sprints_trabajados": null,
    "tipo_historia_usuario": 8,
    "desarrollador_asignado": 14,
    "proyecto": 3,
    "history_date": "2022-11-04T02:37:56.228Z",
    "history_change_reason": "Actualizado",
    "history_type": "~",
    "history_user": [
      "arturojara1999@fpuna.edu.py"
    ]
  }
},
{
  "model": "historiasDeUsuario_proyecto.historicalhistoriausuario",
  "pk": 83,
  "fields": {
    "id": 21,
    "nombre": "Historia 21",
    "descripcion": "Descripcion 21",
    "prioridad_tecnica": 3,
    "prioridad_negocio": 10,
    "estimacion_horas": 15,
    "horas_trabajadas": 3,
    "prioridad_final": 7,
    "estado": "35",
    "sprints_trabajados": null,
    "tipo_historia_usuario": 8,
    "desarrollador_asignado": 14,
    "proyecto": 3,
    "history_date": "2022-11-04T02:38:11.494Z",
    "history_change_reason": "Actividad Agregada",
    "history_type": "~",
    "history_user": null
  }
},
{
  "model": "historiasDeUsuario_proyecto.historicalhistoriausuario",
  "pk": 84,
  "fields": {
    "id": 21,
    "nombre": "Historia 21",
    "descripcion": "Descripcion 21",
    "prioridad_tecnica": 3,
    "prioridad_negocio": 10,
    "estimacion_horas": 15,
    "horas_trabajadas": 3,
    "prioridad_final": 7,
    "estado": "35",
    "sprints_trabajados": null,
    "tipo_historia_usuario": 8,
    "desarrollador_asignado": 14,
    "proyecto": 3,
    "history_date": "2022-11-04T02:38:11.518Z",
    "history_change_reason": null,
    "history_type": "~",
    "history_user": null
  }
},
{
  "model": "historiasDeUsuario_proyecto.historicalhistoriausuario",
  "pk": 85,
  "fields": {
    "id": 21,
    "nombre": "Historia 21",
    "descripcion": "Descripcion 21",
    "prioridad_tecnica": 3,
    "prioridad_negocio": 10,
    "estimacion_horas": 15,
    "horas_trabajadas": 3,
    "prioridad_final": 7,
    "estado": "36",
    "sprints_trabajados": null,
    "tipo_historia_usuario": 8,
    "desarrollador_asignado": 14,
    "proyecto": 3,
    "history_date": "2022-11-04T02:38:11.644Z",
    "history_change_reason": "Actualizado",
    "history_type": "~",
    "history_user": [
      "arturojara1999@fpuna.edu.py"
    ]
  }
},
{
  "model": "historiasDeUsuario_proyecto.historicalhistoriausuario",
  "pk": 86,
  "fields": {
    "id": 21,
    "nombre": "Historia 21",
    "descripcion": "Descripcion 21",
    "prioridad_tecnica": 3,
    "prioridad_negocio": 10,
    "estimacion_horas": 15,
    "horas_trabajadas": 4,
    "prioridad_final": 7,
    "estado": "36",
    "sprints_trabajados": null,
    "tipo_historia_usuario": 8,
    "desarrollador_asignado": 14,
    "proyecto": 3,
    "history_date": "2022-11-04T02:38:25.099Z",
    "history_change_reason": "Actividad Agregada",
    "history_type": "~",
    "history_user": null
  }
},
{
  "model": "historiasDeUsuario_proyecto.historicalhistoriausuario",
  "pk": 87,
  "fields": {
    "id": 21,
    "nombre": "Historia 21",
    "descripcion": "Descripcion 21",
    "prioridad_tecnica": 3,
    "prioridad_negocio": 10,
    "estimacion_horas": 15,
    "horas_trabajadas": 4,
    "prioridad_final": 7,
    "estado": "36",
    "sprints_trabajados": null,
    "tipo_historia_usuario": 8,
    "desarrollador_asignado": 14,
    "proyecto": 3,
    "history_date": "2022-11-04T02:38:25.130Z",
    "history_change_reason": null,
    "history_type": "~",
    "history_user": null
  }
},
{
  "model": "historiasDeUsuario_proyecto.historicalhistoriausuario",
  "pk": 88,
  "fields": {
    "id": 21,
    "nombre": "Historia 21",
    "descripcion": "Descripcion 21",
    "prioridad_tecnica": 3,
    "prioridad_negocio": 10,
    "estimacion_horas": 15,
    "horas_trabajadas": 4,
    "prioridad_final": 7,
    "estado": "37",
    "sprints_trabajados": null,
    "tipo_historia_usuario": 8,
    "desarrollador_asignado": 14,
    "proyecto": 3,
    "history_date": "2022-11-04T02:38:25.302Z",
    "history_change_reason": "Actualizado",
    "history_type": "~",
    "history_user": [
      "arturojara1999@fpuna.edu.py"
    ]
  }
},
{
  "model": "historiasDeUsuario_proyecto.historicalhistoriausuario",
  "pk": 89,
  "fields": {
    "id": 21,
    "nombre": "Historia 21",
    "descripcion": "Descripcion 21",
    "prioridad_tecnica": 3,
    "prioridad_negocio": 10,
    "estimacion_horas": 15,
    "horas_trabajadas": 5,
    "prioridad_final": 7,
    "estado": "37",
    "sprints_trabajados": null,
    "tipo_historia_usuario": 8,
    "desarrollador_asignado": 14,
    "proyecto": 3,
    "history_date": "2022-11-04T02:38:48.170Z",
    "history_change_reason": "Actividad Agregada",
    "history_type": "~",
    "history_user": null
  }
},
{
  "model": "historiasDeUsuario_proyecto.historicalhistoriausuario",
  "pk": 90,
  "fields": {
    "id": 21,
    "nombre": "Historia 21",
    "descripcion": "Descripcion 21",
    "prioridad_tecnica": 3,
    "prioridad_negocio": 10,
    "estimacion_horas": 15,
    "horas_trabajadas": 5,
    "prioridad_final": 7,
    "estado": "37",
    "sprints_trabajados": null,
    "tipo_historia_usuario": 8,
    "desarrollador_asignado": 14,
    "proyecto": 3,
    "history_date": "2022-11-04T02:38:48.208Z",
    "history_change_reason": null,
    "history_type": "~",
    "history_user": null
  }
},
{
  "model": "historiasDeUsuario_proyecto.historicalhistoriausuario",
  "pk": 91,
  "fields": {
    "id": 21,
    "nombre": "Historia 21",
    "descripcion": "Descripcion 21",
    "prioridad_tecnica": 3,
    "prioridad_negocio": 10,
    "estimacion_horas": 15,
    "horas_trabajadas": 5,
    "prioridad_final": 7,
    "estado": "38",
    "sprints_trabajados": null,
    "tipo_historia_usuario": 8,
    "desarrollador_asignado": 14,
    "proyecto": 3,
    "history_date": "2022-11-04T02:38:48.382Z",
    "history_change_reason": "Actualizado",
    "history_type": "~",
    "history_user": [
      "arturojara1999@fpuna.edu.py"
    ]
  }
},
{
  "model": "historiasDeUsuario_proyecto.historicalhistoriausuario",
  "pk": 92,
  "fields": {
    "id": 21,
    "nombre": "Historia 21",
    "descripcion": "Descripcion 21",
    "prioridad_tecnica": 3,
    "prioridad_negocio": 10,
    "estimacion_horas": 15,
    "horas_trabajadas": 6,
    "prioridad_final": 7,
    "estado": "38",
    "sprints_trabajados": null,
    "tipo_historia_usuario": 8,
    "desarrollador_asignado": 14,
    "proyecto": 3,
    "history_date": "2022-11-04T02:39:07.023Z",
    "history_change_reason": "Actividad Agregada",
    "history_type": "~",
    "history_user": null
  }
},
{
  "model": "historiasDeUsuario_proyecto.historicalhistoriausuario",
  "pk": 93,
  "fields": {
    "id": 21,
    "nombre": "Historia 21",
    "descripcion": "Descripcion 21",
    "prioridad_tecnica": 3,
    "prioridad_negocio": 10,
    "estimacion_horas": 15,
    "horas_trabajadas": 6,
    "prioridad_final": 7,
    "estado": "38",
    "sprints_trabajados": null,
    "tipo_historia_usuario": 8,
    "desarrollador_asignado": 14,
    "proyecto": 3,
    "history_date": "2022-11-04T02:39:07.054Z",
    "history_change_reason": null,
    "history_type": "~",
    "history_user": null
  }
},
{
  "model": "historiasDeUsuario_proyecto.historicalhistoriausuario",
  "pk": 94,
  "fields": {
    "id": 21,
    "nombre": "Historia 21",
    "descripcion": "Descripcion 21",
    "prioridad_tecnica": 3,
    "prioridad_negocio": 10,
    "estimacion_horas": 15,
    "horas_trabajadas": 6,
    "prioridad_final": 7,
    "estado": "finalizada",
    "sprints_trabajados": null,
    "tipo_historia_usuario": 8,
    "desarrollador_asignado": 14,
    "proyecto": 3,
    "history_date": "2022-11-04T02:39:07.203Z",
    "history_change_reason": "Actualizado",
    "history_type": "~",
    "history_user": [
      "arturojara1999@fpuna.edu.py"
    ]
  }
},
{
  "model": "historiasDeUsuario_proyecto.historicalhistoriausuario",
  "pk": 95,
  "fields": {
    "id": 24,
    "nombre": "Historia Nueva",
    "descripcion": "Descripcion Nueva",
    "prioridad_tecnica": 10,
    "prioridad_negocio": 10,
    "estimacion_horas": 12,
    "horas_trabajadas": 24,
    "prioridad_final": 10,
    "estado": "aceptada",
    "sprints_trabajados": null,
    "tipo_historia_usuario": 7,
    "desarrollador_asignado": 15,
    "proyecto": 3,
    "history_date": "2022-11-04T02:39:24.922Z",
    "history_change_reason": "Actualizado",
    "history_type": "~",
    "history_user": [
      "arturojara1999@fpuna.edu.py"
    ]
  }
},
{
  "model": "historiasDeUsuario_proyecto.historicalhistoriausuario",
  "pk": 96,
  "fields": {
    "id": 21,
    "nombre": "Historia 21",
    "descripcion": "Descripcion 21",
    "prioridad_tecnica": 3,
    "prioridad_negocio": 10,
    "estimacion_horas": 15,
    "horas_trabajadas": 6,
    "prioridad_final": 7,
    "estado": "aceptada",
    "sprints_trabajados": null,
    "tipo_historia_usuario": 8,
    "desarrollador_asignado": 14,
    "proyecto": 3,
    "history_date": "2022-11-04T02:39:37.953Z",
    "history_change_reason": "Actualizado",
    "history_type": "~",
    "history_user": [
      "arturojara1999@fpuna.edu.py"
    ]
  }
},
{
  "model": "historiasDeUsuario_proyecto.historicalhistoriausuario",
  "pk": 97,
  "fields": {
    "id": 22,
    "nombre": "Historia 22",
    "descripcion": "Descripcion 22",
    "prioridad_tecnica": 3,
    "prioridad_negocio": 10,
    "estimacion_horas": 15,
    "horas_trabajadas": 32,
    "prioridad_final": 7,
    "estado": "aceptada",
    "sprints_trabajados": null,
    "tipo_historia_usuario": 7,
    "desarrollador_asignado": 15,
    "proyecto": 3,
    "history_date": "2022-11-04T02:40:02.400Z",
    "history_change_reason": "Actualizado",
    "history_type": "~",
    "history_user": [
      "arturojara1999@gmail.com"
    ]
  }
},
{
  "model": "historiasDeUsuario_proyecto.historicalhistoriausuario",
  "pk": 98,
  "fields": {
    "id": 23,
    "nombre": "Historia 23",
    "descripcion": "Descripcion 23",
    "prioridad_tecnica": 3,
    "prioridad_negocio": 10,
    "estimacion_horas": 15,
    "horas_trabajadas": 33,
    "prioridad_final": 7,
    "estado": "rechazada",
    "sprints_trabajados": null,
    "tipo_historia_usuario": 8,
    "desarrollador_asignado": 14,
    "proyecto": 3,
    "history_date": "2022-11-04T02:40:07.858Z",
    "history_change_reason": "Actualizado",
    "history_type": "~",
    "history_user": [
      "arturojara1999@gmail.com"
    ]
  }
},
{
  "model": "historiasDeUsuario_proyecto.historicalhistoriausuario",
  "pk": 99,
  "fields": {
    "id": 20,
    "nombre": "Historia 20",
    "descripcion": "Descripcion 20",
    "prioridad_tecnica": 4,
    "prioridad_negocio": 10,
    "estimacion_horas": 15,
    "horas_trabajadas": null,
    "prioridad_final": 8,
    "estado": null,
    "sprints_trabajados": 1,
    "tipo_historia_usuario": 7,
    "desarrollador_asignado": 14,
    "proyecto": 3,
    "history_date": "2022-11-04T02:40:37.968Z",
    "history_change_reason": null,
    "history_type": "~",
    "history_user": null
  }
},
{
  "model": "historiasDeUsuario_proyecto.historicalhistoriausuario",
  "pk": 100,
  "fields": {
    "id": 18,
    "nombre": "Historia 18",
    "descripcion": "Descripcion 18",
    "prioridad_tecnica": 4,
    "prioridad_negocio": 10,
    "estimacion_horas": 15,
    "horas_trabajadas": null,
    "prioridad_final": 8,
    "estado": null,
    "sprints_trabajados": 1,
    "tipo_historia_usuario": 8,
    "desarrollador_asignado": 16,
    "proyecto": 3,
    "history_date": "2022-11-04T02:40:37.975Z",
    "history_change_reason": null,
    "history_type": "~",
    "history_user": null
  }
},
{
  "model": "historiasDeUsuario_proyecto.historicalhistoriausuario",
  "pk": 101,
  "fields": {
    "id": 23,
    "nombre": "Historia 23",
    "descripcion": "Descripcion 23",
    "prioridad_tecnica": 3,
    "prioridad_negocio": 10,
    "estimacion_horas": 15,
    "horas_trabajadas": 33,
    "prioridad_final": 7,
    "estado": "rechazada",
    "sprints_trabajados": 1,
    "tipo_historia_usuario": 8,
    "desarrollador_asignado": 14,
    "proyecto": 3,
    "history_date": "2022-11-04T02:40:37.985Z",
    "history_change_reason": null,
    "history_type": "~",
    "history_user": null
  }
},
{
  "model": "historiasDeUsuario_proyecto.historicalhistoriausuario",
  "pk": 102,
  "fields": {
    "id": 19,
    "nombre": "Historia 19",
    "descripcion": "Descripcion 19",
    "prioridad_tecnica": 3,
    "prioridad_negocio": 10,
    "estimacion_horas": 15,
    "horas_trabajadas": 3,
    "prioridad_final": 7,
    "estado": "34",
    "sprints_trabajados": 1,
    "tipo_historia_usuario": 8,
    "desarrollador_asignado": 15,
    "proyecto": 3,
    "history_date": "2022-11-04T02:40:38.018Z",
    "history_change_reason": null,
    "history_type": "~",
    "history_user": null
  }
},
{
  "model": "historiasDeUsuario_proyecto.historicalhistoriausuario",
  "pk": 103,
  "fields": {
    "id": 20,
    "nombre": "Historia 20",
    "descripcion": "Descripcion 20",
    "prioridad_tecnica": 4,
    "prioridad_negocio": 10,
    "estimacion_horas": 15,
    "horas_trabajadas": null,
    "prioridad_final": 11,
    "estado": null,
    "sprints_trabajados": 1,
    "tipo_historia_usuario": 7,
    "desarrollador_asignado": 14,
    "proyecto": 3,
    "history_date": "2022-11-04T02:40:38.031Z",
    "history_change_reason": null,
    "history_type": "~",
    "history_user": null
  }
},
{
  "model": "historiasDeUsuario_proyecto.historicalhistoriausuario",
  "pk": 104,
  "fields": {
    "id": 18,
    "nombre": "Historia 18",
    "descripcion": "Descripcion 18",
    "prioridad_tecnica": 4,
    "prioridad_negocio": 10,
    "estimacion_horas": 15,
    "horas_trabajadas": null,
    "prioridad_final": 11,
    "estado": null,
    "sprints_trabajados": 1,
    "tipo_historia_usuario": 8,
    "desarrollador_asignado": 16,
    "proyecto": 3,
    "history_date": "2022-11-04T02:40:38.040Z",
    "history_change_reason": null,
    "history_type": "~",
    "history_user": null
  }
},
{
  "model": "historiasDeUsuario_proyecto.historicalhistoriausuario",
  "pk": 105,
  "fields": {
    "id": 23,
    "nombre": "Historia 23",
    "descripcion": "Descripcion 23",
    "prioridad_tecnica": 3,
    "prioridad_negocio": 10,
    "estimacion_horas": 15,
    "horas_trabajadas": 33,
    "prioridad_final": 10,
    "estado": "rechazada",
    "sprints_trabajados": 1,
    "tipo_historia_usuario": 8,
    "desarrollador_asignado": 14,
    "proyecto": 3,
    "history_date": "2022-11-04T02:40:38.050Z",
    "history_change_reason": null,
    "history_type": "~",
    "history_user": null
  }
},
{
  "model": "historiasDeUsuario_proyecto.historicalhistoriausuario",
  "pk": 106,
  "fields": {
    "id": 19,
    "nombre": "Historia 19",
    "descripcion": "Descripcion 19",
    "prioridad_tecnica": 3,
    "prioridad_negocio": 10,
    "estimacion_horas": 15,
    "horas_trabajadas": 3,
    "prioridad_final": 10,
    "estado": "34",
    "sprints_trabajados": 1,
    "tipo_historia_usuario": 8,
    "desarrollador_asignado": 15,
    "proyecto": 3,
    "history_date": "2022-11-04T02:40:38.084Z",
    "history_change_reason": null,
    "history_type": "~",
    "history_user": null
  }
},
{
  "model": "historiasDeUsuario_proyecto.historicalhistoriausuario",
  "pk": 107,
  "fields": {
    "id": 20,
    "nombre": "Historia 20",
    "descripcion": "Descripcion 20",
    "prioridad_tecnica": 4,
    "prioridad_negocio": 10,
    "estimacion_horas": 15,
    "horas_trabajadas": null,
    "prioridad_final": 11,
    "estado": "cancelada",
    "sprints_trabajados": 1,
    "tipo_historia_usuario": 7,
    "desarrollador_asignado": 14,
    "proyecto": 3,
    "history_date": "2022-11-04T02:41:02.134Z",
    "history_change_reason": "Cancelado",
    "history_type": "~",
    "history_user": [
      "arturojara1999@gmail.com"
    ]
  }
},
{
  "model": "historiasDeUsuario_proyecto.historicalhistoriausuario",
  "pk": 108,
  "fields": {
    "id": 18,
    "nombre": "Historia 18",
    "descripcion": "Descripcion 18",
    "prioridad_tecnica": 4,
    "prioridad_negocio": 10,
    "estimacion_horas": 15,
    "horas_trabajadas": null,
    "prioridad_final": 11,
    "estado": "cancelada",
    "sprints_trabajados": 1,
    "tipo_historia_usuario": 8,
    "desarrollador_asignado": 16,
    "proyecto": 3,
    "history_date": "2022-11-04T02:41:09.515Z",
    "history_change_reason": "Cancelado",
    "history_type": "~",
    "history_user": [
      "arturojara1999@gmail.com"
    ]
  }
},
{
  "model": "historiasDeUsuario_proyecto.historicalhistoriausuario",
  "pk": 109,
  "fields": {
    "id": 19,
    "nombre": "Historia 19",
    "descripcion": "Descripcion 19",
    "prioridad_tecnica": 3,
    "prioridad_negocio": 10,
    "estimacion_horas": 15,
    "horas_trabajadas": 3,
    "prioridad_final": 10,
    "estado": "34",
    "sprints_trabajados": 1,
    "tipo_historia_usuario": 8,
    "desarrollador_asignado": 17,
    "proyecto": 3,
    "history_date": "2022-11-04T04:29:43.378Z",
    "history_change_reason": "Actualizado",
    "history_type": "~",
    "history_user": [
      "jessicala182@gmail.com"
    ]
  }
},
{
  "model": "historiasDeUsuario_proyecto.historicalhistoriausuario",
  "pk": 110,
  "fields": {
    "id": 19,
    "nombre": "Historia 19",
    "descripcion": "Descripcion 19",
    "prioridad_tecnica": 3,
    "prioridad_negocio": 10,
    "estimacion_horas": 15,
    "horas_trabajadas": 3,
    "prioridad_final": 10,
    "estado": "33",
    "sprints_trabajados": 1,
    "tipo_historia_usuario": 8,
    "desarrollador_asignado": 17,
    "proyecto": 3,
    "history_date": "2022-11-04T04:30:03.478Z",
    "history_change_reason": "Actualizado",
    "history_type": "~",
    "history_user": [
      "jessicala182@gmail.com"
    ]
  }
},
{
  "model": "historiasDeUsuario_proyecto.historicalhistoriausuario",
  "pk": 111,
  "fields": {
    "id": 19,
    "nombre": "Historia 19",
    "descripcion": "Descripcion 19",
    "prioridad_tecnica": 3,
    "prioridad_negocio": 10,
    "estimacion_horas": 15,
    "horas_trabajadas": 6,
    "prioridad_final": 10,
    "estado": "33",
    "sprints_trabajados": 1,
    "tipo_historia_usuario": 8,
    "desarrollador_asignado": 17,
    "proyecto": 3,
    "history_date": "2022-11-04T04:30:32.124Z",
    "history_change_reason": "Actividad Agregada",
    "history_type": "~",
    "history_user": null
  }
},
{
  "model": "historiasDeUsuario_proyecto.historicalhistoriausuario",
  "pk": 112,
  "fields": {
    "id": 19,
    "nombre": "Historia 19",
    "descripcion": "Descripcion 19",
    "prioridad_tecnica": 3,
    "prioridad_negocio": 10,
    "estimacion_horas": 15,
    "horas_trabajadas": 6,
    "prioridad_final": 10,
    "estado": "33",
    "sprints_trabajados": 1,
    "tipo_historia_usuario": 8,
    "desarrollador_asignado": 17,
    "proyecto": 3,
    "history_date": "2022-11-04T04:30:32.146Z",
    "history_change_reason": null,
    "history_type": "~",
    "history_user": null
  }
},
{
  "model": "historiasDeUsuario_proyecto.historicalhistoriausuario",
  "pk": 113,
  "fields": {
    "id": 19,
    "nombre": "Historia 19",
    "descripcion": "Descripcion 19",
    "prioridad_tecnica": 3,
    "prioridad_negocio": 10,
    "estimacion_horas": 15,
    "horas_trabajadas": 6,
    "prioridad_final": 10,
    "estado": "34",
    "sprints_trabajados": 1,
    "tipo_historia_usuario": 8,
    "desarrollador_asignado": 17,
    "proyecto": 3,
    "history_date": "2022-11-04T04:30:32.380Z",
    "history_change_reason": "Actualizado",
    "history_type": "~",
    "history_user": [
      "jessicala182@gmail.com"
    ]
  }
},
{
  "model": "historiasDeUsuario_proyecto.historicalhistoriausuario",
  "pk": 114,
  "fields": {
    "id": 19,
    "nombre": "Historia 19",
    "descripcion": "Descripcion 19",
    "prioridad_tecnica": 3,
    "prioridad_negocio": 10,
    "estimacion_horas": 15,
    "horas_trabajadas": 6,
    "prioridad_final": 10,
    "estado": "33",
    "sprints_trabajados": 1,
    "tipo_historia_usuario": 8,
    "desarrollador_asignado": 17,
    "proyecto": 3,
    "history_date": "2022-11-04T04:30:52.397Z",
    "history_change_reason": "Actualizado",
    "history_type": "~",
    "history_user": [
      "jessicala182@gmail.com"
    ]
  }
},
{
  "model": "historiasDeUsuario_proyecto.historicalhistoriausuario",
  "pk": 115,
  "fields": {
    "id": 23,
    "nombre": "Historia 23",
    "descripcion": "Descripcion 23",
    "prioridad_tecnica": 3,
    "prioridad_negocio": 10,
    "estimacion_horas": 15,
    "horas_trabajadas": 24,
    "prioridad_final": 7,
    "estado": "36",
    "sprints_trabajados": null,
    "tipo_historia_usuario": 8,
    "desarrollador_asignado": 14,
    "proyecto": 3,
    "history_date": "2022-11-04T04:53:10.415Z",
    "history_change_reason": "Restaurado",
    "history_type": "~",
    "history_user": [
      "jessicala182@gmail.com"
    ]
  }
},
{
  "model": "historiasDeUsuario_proyecto.historicalhistoriausuario",
  "pk": 120,
  "fields": {
    "id": 19,
    "nombre": "Historia 19",
    "descripcion": "Descripcion 19",
    "prioridad_tecnica": 3,
    "prioridad_negocio": 10,
    "estimacion_horas": 15,
    "horas_trabajadas": 9,
    "prioridad_final": 10,
    "estado": "33",
    "sprints_trabajados": 1,
    "tipo_historia_usuario": 8,
    "desarrollador_asignado": 17,
    "proyecto": 3,
    "history_date": "2022-11-04T04:54:43.733Z",
    "history_change_reason": "Actividad Agregada",
    "history_type": "~",
    "history_user": null
  }
},
{
  "model": "historiasDeUsuario_proyecto.historicalhistoriausuario",
  "pk": 121,
  "fields": {
    "id": 19,
    "nombre": "Historia 19",
    "descripcion": "Descripcion 19",
    "prioridad_tecnica": 3,
    "prioridad_negocio": 10,
    "estimacion_horas": 15,
    "horas_trabajadas": 9,
    "prioridad_final": 10,
    "estado": "33",
    "sprints_trabajados": 1,
    "tipo_historia_usuario": 8,
    "desarrollador_asignado": 17,
    "proyecto": 3,
    "history_date": "2022-11-04T04:54:43.759Z",
    "history_change_reason": null,
    "history_type": "~",
    "history_user": null
  }
},
{
  "model": "historiasDeUsuario_proyecto.historicalhistoriausuario",
  "pk": 122,
  "fields": {
    "id": 19,
    "nombre": "Historia 19",
    "descripcion": "Descripcion 19",
    "prioridad_tecnica": 3,
    "prioridad_negocio": 10,
    "estimacion_horas": 15,
    "horas_trabajadas": 9,
    "prioridad_final": 10,
    "estado": "34",
    "sprints_trabajados": 1,
    "tipo_historia_usuario": 8,
    "desarrollador_asignado": 17,
    "proyecto": 3,
    "history_date": "2022-11-04T04:54:44.016Z",
    "history_change_reason": "Actualizado",
    "history_type": "~",
    "history_user": [
      "jessicala182@gmail.com"
    ]
  }
},
{
  "model": "historiasDeUsuario_proyecto.historicalhistoriausuario",
  "pk": 123,
  "fields": {
    "id": 19,
    "nombre": "Historia 19",
    "descripcion": "Descripcion 19",
    "prioridad_tecnica": 3,
    "prioridad_negocio": 10,
    "estimacion_horas": 15,
    "horas_trabajadas": 14,
    "prioridad_final": 10,
    "estado": "34",
    "sprints_trabajados": 1,
    "tipo_historia_usuario": 8,
    "desarrollador_asignado": 17,
    "proyecto": 3,
    "history_date": "2022-11-04T04:54:53.639Z",
    "history_change_reason": "Actividad Agregada",
    "history_type": "~",
    "history_user": null
  }
},
{
  "model": "historiasDeUsuario_proyecto.historicalhistoriausuario",
  "pk": 124,
  "fields": {
    "id": 19,
    "nombre": "Historia 19",
    "descripcion": "Descripcion 19",
    "prioridad_tecnica": 3,
    "prioridad_negocio": 10,
    "estimacion_horas": 15,
    "horas_trabajadas": 14,
    "prioridad_final": 10,
    "estado": "34",
    "sprints_trabajados": 1,
    "tipo_historia_usuario": 8,
    "desarrollador_asignado": 17,
    "proyecto": 3,
    "history_date": "2022-11-04T04:54:53.657Z",
    "history_change_reason": null,
    "history_type": "~",
    "history_user": null
  }
},
{
  "model": "historiasDeUsuario_proyecto.historicalhistoriausuario",
  "pk": 125,
  "fields": {
    "id": 19,
    "nombre": "Historia 19",
    "descripcion": "Descripcion 19",
    "prioridad_tecnica": 3,
    "prioridad_negocio": 10,
    "estimacion_horas": 15,
    "horas_trabajadas": 14,
    "prioridad_final": 10,
    "estado": "35",
    "sprints_trabajados": 1,
    "tipo_historia_usuario": 8,
    "desarrollador_asignado": 17,
    "proyecto": 3,
    "history_date": "2022-11-04T04:54:53.913Z",
    "history_change_reason": "Actualizado",
    "history_type": "~",
    "history_user": [
      "jessicala182@gmail.com"
    ]
  }
},
{
  "model": "historiasDeUsuario_proyecto.historicalhistoriausuario",
  "pk": 126,
  "fields": {
    "id": 19,
    "nombre": "Historia 19",
    "descripcion": "Descripcion 19",
    "prioridad_tecnica": 3,
    "prioridad_negocio": 10,
    "estimacion_horas": 15,
    "horas_trabajadas": 16,
    "prioridad_final": 10,
    "estado": "35",
    "sprints_trabajados": 1,
    "tipo_historia_usuario": 8,
    "desarrollador_asignado": 17,
    "proyecto": 3,
    "history_date": "2022-11-04T04:55:02.423Z",
    "history_change_reason": "Actividad Agregada",
    "history_type": "~",
    "history_user": null
  }
},
{
  "model": "historiasDeUsuario_proyecto.historicalhistoriausuario",
  "pk": 127,
  "fields": {
    "id": 19,
    "nombre": "Historia 19",
    "descripcion": "Descripcion 19",
    "prioridad_tecnica": 3,
    "prioridad_negocio": 10,
    "estimacion_horas": 15,
    "horas_trabajadas": 16,
    "prioridad_final": 10,
    "estado": "35",
    "sprints_trabajados": 1,
    "tipo_historia_usuario": 8,
    "desarrollador_asignado": 17,
    "proyecto": 3,
    "history_date": "2022-11-04T04:55:02.442Z",
    "history_change_reason": null,
    "history_type": "~",
    "history_user": null
  }
},
{
  "model": "historiasDeUsuario_proyecto.historicalhistoriausuario",
  "pk": 128,
  "fields": {
    "id": 19,
    "nombre": "Historia 19",
    "descripcion": "Descripcion 19",
    "prioridad_tecnica": 3,
    "prioridad_negocio": 10,
    "estimacion_horas": 15,
    "horas_trabajadas": 16,
    "prioridad_final": 10,
    "estado": "36",
    "sprints_trabajados": 1,
    "tipo_historia_usuario": 8,
    "desarrollador_asignado": 17,
    "proyecto": 3,
    "history_date": "2022-11-04T04:55:02.701Z",
    "history_change_reason": "Actualizado",
    "history_type": "~",
    "history_user": [
      "jessicala182@gmail.com"
    ]
  }
},
{
  "model": "historiasDeUsuario_proyecto.historicalhistoriausuario",
  "pk": 129,
  "fields": {
    "id": 19,
    "nombre": "Historia 19",
    "descripcion": "Descripcion 19",
    "prioridad_tecnica": 3,
    "prioridad_negocio": 10,
    "estimacion_horas": 15,
    "horas_trabajadas": 22,
    "prioridad_final": 10,
    "estado": "36",
    "sprints_trabajados": 1,
    "tipo_historia_usuario": 8,
    "desarrollador_asignado": 17,
    "proyecto": 3,
    "history_date": "2022-11-04T04:55:11.744Z",
    "history_change_reason": "Actividad Agregada",
    "history_type": "~",
    "history_user": null
  }
},
{
  "model": "historiasDeUsuario_proyecto.historicalhistoriausuario",
  "pk": 130,
  "fields": {
    "id": 19,
    "nombre": "Historia 19",
    "descripcion": "Descripcion 19",
    "prioridad_tecnica": 3,
    "prioridad_negocio": 10,
    "estimacion_horas": 15,
    "horas_trabajadas": 22,
    "prioridad_final": 10,
    "estado": "36",
    "sprints_trabajados": 1,
    "tipo_historia_usuario": 8,
    "desarrollador_asignado": 17,
    "proyecto": 3,
    "history_date": "2022-11-04T04:55:11.764Z",
    "history_change_reason": null,
    "history_type": "~",
    "history_user": null
  }
},
{
  "model": "historiasDeUsuario_proyecto.historicalhistoriausuario",
  "pk": 131,
  "fields": {
    "id": 19,
    "nombre": "Historia 19",
    "descripcion": "Descripcion 19",
    "prioridad_tecnica": 3,
    "prioridad_negocio": 10,
    "estimacion_horas": 15,
    "horas_trabajadas": 22,
    "prioridad_final": 10,
    "estado": "37",
    "sprints_trabajados": 1,
    "tipo_historia_usuario": 8,
    "desarrollador_asignado": 17,
    "proyecto": 3,
    "history_date": "2022-11-04T04:55:12.024Z",
    "history_change_reason": "Actualizado",
    "history_type": "~",
    "history_user": [
      "jessicala182@gmail.com"
    ]
  }
},
{
  "model": "historiasDeUsuario_proyecto.historicalhistoriausuario",
  "pk": 132,
  "fields": {
    "id": 19,
    "nombre": "Historia 19",
    "descripcion": "Descripcion 19",
    "prioridad_tecnica": 3,
    "prioridad_negocio": 10,
    "estimacion_horas": 15,
    "horas_trabajadas": 25,
    "prioridad_final": 10,
    "estado": "37",
    "sprints_trabajados": 1,
    "tipo_historia_usuario": 8,
    "desarrollador_asignado": 17,
    "proyecto": 3,
    "history_date": "2022-11-04T04:55:19.992Z",
    "history_change_reason": "Actividad Agregada",
    "history_type": "~",
    "history_user": null
  }
},
{
  "model": "historiasDeUsuario_proyecto.historicalhistoriausuario",
  "pk": 133,
  "fields": {
    "id": 19,
    "nombre": "Historia 19",
    "descripcion": "Descripcion 19",
    "prioridad_tecnica": 3,
    "prioridad_negocio": 10,
    "estimacion_horas": 15,
    "horas_trabajadas": 25,
    "prioridad_final": 10,
    "estado": "37",
    "sprints_trabajados": 1,
    "tipo_historia_usuario": 8,
    "desarrollador_asignado": 17,
    "proyecto": 3,
    "history_date": "2022-11-04T04:55:20.017Z",
    "history_change_reason": null,
    "history_type": "~",
    "history_user": null
  }
},
{
  "model": "historiasDeUsuario_proyecto.historicalhistoriausuario",
  "pk": 134,
  "fields": {
    "id": 19,
    "nombre": "Historia 19",
    "descripcion": "Descripcion 19",
    "prioridad_tecnica": 3,
    "prioridad_negocio": 10,
    "estimacion_horas": 15,
    "horas_trabajadas": 25,
    "prioridad_final": 10,
    "estado": "38",
    "sprints_trabajados": 1,
    "tipo_historia_usuario": 8,
    "desarrollador_asignado": 17,
    "proyecto": 3,
    "history_date": "2022-11-04T04:55:20.276Z",
    "history_change_reason": "Actualizado",
    "history_type": "~",
    "history_user": [
      "jessicala182@gmail.com"
    ]
  }
},
{
  "model": "historiasDeUsuario_proyecto.historicalhistoriausuario",
  "pk": 135,
  "fields": {
    "id": 19,
    "nombre": "Historia 19",
    "descripcion": "Descripcion 19",
    "prioridad_tecnica": 3,
    "prioridad_negocio": 10,
    "estimacion_horas": 15,
    "horas_trabajadas": 32,
    "prioridad_final": 10,
    "estado": "38",
    "sprints_trabajados": 1,
    "tipo_historia_usuario": 8,
    "desarrollador_asignado": 17,
    "proyecto": 3,
    "history_date": "2022-11-04T04:55:27.443Z",
    "history_change_reason": "Actividad Agregada",
    "history_type": "~",
    "history_user": null
  }
},
{
  "model": "historiasDeUsuario_proyecto.historicalhistoriausuario",
  "pk": 136,
  "fields": {
    "id": 19,
    "nombre": "Historia 19",
    "descripcion": "Descripcion 19",
    "prioridad_tecnica": 3,
    "prioridad_negocio": 10,
    "estimacion_horas": 15,
    "horas_trabajadas": 32,
    "prioridad_final": 10,
    "estado": "38",
    "sprints_trabajados": 1,
    "tipo_historia_usuario": 8,
    "desarrollador_asignado": 17,
    "proyecto": 3,
    "history_date": "2022-11-04T04:55:27.467Z",
    "history_change_reason": null,
    "history_type": "~",
    "history_user": null
  }
},
{
  "model": "historiasDeUsuario_proyecto.historicalhistoriausuario",
  "pk": 137,
  "fields": {
    "id": 19,
    "nombre": "Historia 19",
    "descripcion": "Descripcion 19",
    "prioridad_tecnica": 3,
    "prioridad_negocio": 10,
    "estimacion_horas": 15,
    "horas_trabajadas": 32,
    "prioridad_final": 10,
    "estado": "finalizada",
    "sprints_trabajados": 1,
    "tipo_historia_usuario": 8,
    "desarrollador_asignado": 17,
    "proyecto": 3,
    "history_date": "2022-11-04T04:55:27.733Z",
    "history_change_reason": "Actualizado",
    "history_type": "~",
    "history_user": [
      "jessicala182@gmail.com"
    ]
  }
},
{
  "model": "historiasDeUsuario_proyecto.historicalhistoriausuario",
  "pk": 138,
  "fields": {
    "id": 19,
    "nombre": "Historia 19",
    "descripcion": "Descripcion 19",
    "prioridad_tecnica": 3,
    "prioridad_negocio": 10,
    "estimacion_horas": 15,
    "horas_trabajadas": 32,
    "prioridad_final": 10,
    "estado": "rechazada",
    "sprints_trabajados": 1,
    "tipo_historia_usuario": 8,
    "desarrollador_asignado": 17,
    "proyecto": 3,
    "history_date": "2022-11-04T04:55:40.193Z",
    "history_change_reason": "Actualizado",
    "history_type": "~",
    "history_user": [
      "jessicala182@gmail.com"
    ]
  }
},
{
  "model": "historiasDeUsuario_proyecto.historicalhistoriausuario",
  "pk": 139,
  "fields": {
    "id": 19,
    "nombre": "Historia 19",
    "descripcion": "Descripcion 19",
    "prioridad_tecnica": 3,
    "prioridad_negocio": 10,
    "estimacion_horas": 15,
    "horas_trabajadas": 32,
    "prioridad_final": 10,
    "estado": "38",
    "sprints_trabajados": 1,
    "tipo_historia_usuario": 8,
    "desarrollador_asignado": 17,
    "proyecto": 3,
    "history_date": "2022-11-04T04:55:51.587Z",
    "history_change_reason": "Actualizado",
    "history_type": "~",
    "history_user": [
      "jessicala182@gmail.com"
    ]
  }
},
{
  "model": "historiasDeUsuario_proyecto.historicalhistoriausuario",
  "pk": 140,
  "fields": {
    "id": 19,
    "nombre": "Historia 19",
    "descripcion": "Descripcion 19",
    "prioridad_tecnica": 3,
    "prioridad_negocio": 10,
    "estimacion_horas": 15,
    "horas_trabajadas": 37,
    "prioridad_final": 10,
    "estado": "38",
    "sprints_trabajados": 1,
    "tipo_historia_usuario": 8,
    "desarrollador_asignado": 17,
    "proyecto": 3,
    "history_date": "2022-11-04T04:55:59.785Z",
    "history_change_reason": "Actividad Agregada",
    "history_type": "~",
    "history_user": null
  }
},
{
  "model": "historiasDeUsuario_proyecto.historicalhistoriausuario",
  "pk": 141,
  "fields": {
    "id": 19,
    "nombre": "Historia 19",
    "descripcion": "Descripcion 19",
    "prioridad_tecnica": 3,
    "prioridad_negocio": 10,
    "estimacion_horas": 15,
    "horas_trabajadas": 37,
    "prioridad_final": 10,
    "estado": "38",
    "sprints_trabajados": 1,
    "tipo_historia_usuario": 8,
    "desarrollador_asignado": 17,
    "proyecto": 3,
    "history_date": "2022-11-04T04:55:59.813Z",
    "history_change_reason": null,
    "history_type": "~",
    "history_user": null
  }
},
{
  "model": "historiasDeUsuario_proyecto.historicalhistoriausuario",
  "pk": 142,
  "fields": {
    "id": 19,
    "nombre": "Historia 19",
    "descripcion": "Descripcion 19",
    "prioridad_tecnica": 3,
    "prioridad_negocio": 10,
    "estimacion_horas": 15,
    "horas_trabajadas": 37,
    "prioridad_final": 10,
    "estado": "finalizada",
    "sprints_trabajados": 1,
    "tipo_historia_usuario": 8,
    "desarrollador_asignado": 17,
    "proyecto": 3,
    "history_date": "2022-11-04T04:56:00.081Z",
    "history_change_reason": "Actualizado",
    "history_type": "~",
    "history_user": [
      "jessicala182@gmail.com"
    ]
  }
},
{
  "model": "historiasDeUsuario_proyecto.historicalhistoriausuario",
  "pk": 143,
  "fields": {
    "id": 19,
    "nombre": "Historia 19",
    "descripcion": "Descripcion 19",
    "prioridad_tecnica": 3,
    "prioridad_negocio": 10,
    "estimacion_horas": 15,
    "horas_trabajadas": 37,
    "prioridad_final": 10,
    "estado": "aceptada",
    "sprints_trabajados": 1,
    "tipo_historia_usuario": 8,
    "desarrollador_asignado": 17,
    "proyecto": 3,
    "history_date": "2022-11-04T04:56:06.528Z",
    "history_change_reason": "Actualizado",
    "history_type": "~",
    "history_user": [
      "jessicala182@gmail.com"
    ]
  }
}
]
